4.947722626783526
3.908771879675374
3.768088901477001
5.243415310021701
5.463830524001302
3.7491279409026474
4.411647813709257
4.837038397097539
5.898409504681412
5.564778255253589
4.120468022181923
5.570834926928127
3.5736928303964475
4.216630787812779
4.780905307130029
4.38982376618344
7.026969102033422
6.1050387071778855
4.209372784619557
4.821413795870155
4.814872242756511
6.778555349016925
4.037356091333725
4.923269554115999
4.881476828656258
5.0171341202085005
5.552741963921508
3.6066131777821355
3.902606794521111
6.183421603143899
2.917019739337801
5.641188617652714
5.971455071281231
5.7805874673355575
5.39166749577016
5.117264124484905
3.720973869670633
6.604384276729716
4.324638832766058
6.461679289614911
6.180305669673729
6.542245160586104
3.349248452255978
5.539059319849672
5.615594788651846
4.893176255058371
5.226106678318666
6.180674338666087
5.649566181173013
6.169630606553664
4.547335821266147
3.980177603731081
4.2299077293610186
4.26700977639292
4.495429482775464
5.351747354531421
3.8672227187828474
6.096651754583629
6.566100063976913
5.340745573967519
5.826882373895556
5.483285120515154
5.795285183006397
3.4661012082411498
3.349982865667053
5.695725618924094
4.431099884190768
5.773356403924991
4.29319519217729
3.849130377182027
6.034034122264048
5.120011709663748
3.2910148915015185
4.254903253134294
5.218931040896762
5.204017071124168
5.232283511712711
4.9334782785609494
4.8543960021824635
4.724577422508455
6.501806540967502
5.204769785642161
2.773193088639338
5.951925199887805
5.4831133205913165
4.355018920917073
4.8004841866760835
5.971586676788981
4.772913466369621
3.4622652992310456
3.367485435568902
6.118187102445932
3.794064878455719
4.7195929377822035
6.292595044009483
4.423483739291015
6.557015899503028
3.6301997695562727
3.474956653834938
5.824573219881168
5.575248166763194
4.120368973628862
5.850956339493732
5.675649759791696
3.523582080375275
4.927083885272759
5.593602640584271
5.295720109349611
5.650285539580086
5.633257599825082
6.02826202530045
5.2424581713454845
5.470756016282214
5.234491409897469
5.175770613552335
6.1511421126900006
4.1118481025783575
3.4276810535382447
4.496082211805413
4.146498604411992
5.515274033816293
6.333831236912843
3.4358282740026445
4.6794032984417715
4.457480716562019
5.544082498818494
5.4057149900580574
5.218606454071518
5.2895362117756655
7.550447911339665
4.0233029014991235
6.775169663418947
4.975677161942969
5.5317628770335325
5.857000091721972
5.467099028413575
5.301947344933689
3.589564767784336
5.644935616604516
7.233768724166879
3.949481487378216
4.703967855301154
4.794892158193778
3.7553459734415933
7.448455605664634
4.393132055480786
3.651501422139564
4.9760826725264256
3.6501524037193627
5.296670391714589
4.235564357407015
5.856162797736671
4.695273935775548
4.4943521042178345
3.4966798124695773
4.101896311218876
4.82586801833465
4.678558104258856
4.195894322978428
5.645280772644075
3.9981418435181695
5.030904107219956
5.061234072436212
4.950367539389745
7.0914484403489
5.148300209644615
6.582957042212928
4.475641991109217
3.445578587548051
4.013054984405159
3.2505737184592407
3.2363274779015128
5.409074557247363
6.037330260365466
5.498293063704683
5.598258301979806
3.12118636649919
5.423105524487499
5.7548771564224355
4.052699839086367
5.1597402628207245
4.810175869275618
4.591597979170002
4.5734728082561125
4.7597571568554145
4.075167311048513
5.453439660019362
5.968824939302449
7.179708306432315
4.178204630242925
3.289677703998263
5.3183656645659365
6.298580088851393
5.305825847703419
5.538592053308158
6.3408625240484495
4.68334058534668
6.255772508584973
5.157892507359407
5.760703604526249
4.33032648840042
3.9053570020354456
5.590136420020459
4.0908850452643835
5.689686186144664
5.350896634643986
4.224752787994904
6.705247745283278
5.668474742052778
5.549508197618555
5.453095306933563
4.2447935157762995
4.594646030566552
5.717879248322221
3.386205218290333
5.404118569939651
7.101544937541265
4.663868778876691
4.493068572527487
3.9679407924721963
4.308926523795232
6.282674217469872
3.9271579255126476
4.802713401002197
5.642420083921364
5.488964501122122
5.866460471526151
6.005404564847588
5.159296184800172
3.2334118449839644
3.750622316616828
3.2246188560396725
5.50206827501028
6.530188035860651
5.894590330542487
4.022362571633634
5.928634289205943
3.7954620085507287
4.398012470225401
6.550424294897233
3.6451355445282596
4.526508918890737
4.610027137145587
4.830066647329846
5.278687677743582
6.085388413228308
6.019334388582554
2.7969699973878357
3.2956278521141646
5.144425897361925
6.214644627426426
4.539039733464038
3.749440546527765
4.792264631346
5.8478704789308065
4.824516109209566
5.057463289711514
3.648144954631808
6.751201042233513
4.731381013945425
3.8275468713164584
2.7966805351541733
3.4906619764902445
5.073349238926654
5.400752059634734
5.9883893354359055
2.9361402305175504
4.0636160370574865
6.421599746486777
4.053040269010521
4.641324150441724
5.6641583979503345
6.911981459957464
4.912774028010654
4.113527036942381
5.445785795949715
6.00600544271812
5.414469325602076
4.166954295826555
5.1343881161882745
5.20194422383543
5.551438305491881
5.470699976380957
7.098207286162131
4.256934894894479
4.321901299111715
3.5895511451755864
6.641144866910397
5.048353528479842
5.791144201950172
4.950777800964424
4.085963360238799
4.942151570759063
3.9604208280136026
3.8140225605634344
6.286551958927696
6.023205339525797
3.454756937241713
4.5392488998472595
5.019438723854572
5.062647371260434
3.544057305340124
4.344336214987818
5.157067736021558
4.144349613023623
5.441354220879011
5.205217096301023
5.3711453754612375
7.001718740610019
4.628154627306527
4.82321736959672
5.110642408386621
3.339699663883917
5.71348470252835
4.977881478690765
4.655933463212176
4.016208894663151
3.8651521569290646
6.066812416105803
6.0925926961760295
4.153256220892289
4.535794977787524
6.249897663202552
5.7953818211030015
5.342501855505967
5.960772757326271
5.24159055377404
5.113881587977062
5.127079743886551
5.458531910227718
2.8851130203347464
5.018393838318906
5.746468477819399
5.103413161329266
3.5662467653711745
4.930069607133498
4.112491069814253
5.4133611062531815
7.335859765195056
7.234964338820518
4.534977986223064
5.074861919140572
4.952619110740555
5.673164470982173
2.9123970179686864
3.895096694780493
6.084412661001317
6.603842636659431
5.121119498057831
5.049639896001166
3.837318333202641
5.027361645144062
4.961397987174638
4.386987209269759
4.758482632564623
5.329595647612509
3.8319125065691026
5.272837781111923
5.243672261418686
3.478273932910825
6.6644161523948595
2.6567654940420375
5.779506539301532
4.296211139834746
4.372475242928916
5.005481583964578
5.9473578931697
4.209820674421886
4.8678071439563295
7.0780823677763705
4.359529528060745
6.936219757627555
4.9679305424674975
6.2041411494584695
4.081487024443964
4.360225703076594
4.463289102029433
4.376691916042493
4.2701876407961725
4.53474602328136
4.485794864508848
7.014739634156695
4.694415079768987
4.180493166667137
8.149339994742233
3.664749525053476
4.579006733477956
5.32142867617352
3.5831977467580884
7.903362137310532
6.389292570858014
5.344368961742379
6.132208940100506
5.581645477246813
3.705318351753762
5.582386320896011
5.004922954451716
6.6536061111168365
4.704525992609381
5.463472001806155
4.027111973705784
5.786896105374053
4.599173342666388
4.512634413430075
3.8122969562141513
5.370393689819299
3.982211924096055
5.7941308294471
3.905139518920943
5.063923055334319
5.633384726535561
4.050954417842956
3.063040356158108
5.541418966328317
4.463887036369046
4.317268148008499
4.433495978796766
5.980750528209812
4.914220547669539
6.459316583202036
2.97587271036216
5.214407595189521
3.9891027877701988
4.3674419284160555
4.7862636127301785
5.472410644287523
4.7026694716986475
4.714273235849203
4.34386342781651
6.357926557935791
5.944840799818094
4.8670609461178405
5.2933818281850575
6.99949848817779
3.6575845957908344
4.704808720385548
5.481106412204014
6.749719509019063
6.240725016697925
6.318607448588698
3.6613211492094537
3.740531507827137
4.353435778948063
6.473459854543838
5.420030090491231
3.79013978469642
3.548472555384594
4.132335127401428
5.29188703528234
3.3416059538992693
6.772235046692678
5.314417982437945
3.4572305441714635
4.777546726410518
4.753781005397588
5.188992695137137
4.467825557614303
5.3637008808106925
4.8333347788547005
6.906173599749851
4.205653774939006
5.212588361795206
3.783004112669949
4.741287113170043
6.122456338399831
5.004796960636104
4.729604334499052
4.353273877513966
4.869503664065943
5.841885375550482
3.3490420079579253
4.651432826785921
5.96036073742421
4.1581572833830736
4.753592011049497
2.533043753811558
5.216418489648619
6.3370777682352095
6.180966022897017
5.746444647685405
6.777504173520326
7.120848306409582
5.156607035754497
4.319150191920428
7.030477279282067
5.558277357747763
5.827179858250609
6.292561788564792
3.692138543658918
4.483689464841072
5.203849073573315
4.633256484689623
4.34253487078594
6.7496514831956045
4.930776061173118
5.737921896918165
5.889095223913698
5.8945491602015725
4.443935537461272
5.0706917136833045
5.759598223038749
4.327293897769474
4.617043119200931
6.446485953174166
5.579517286817014
3.8899079163269996
5.1022303384378755
5.110093479905467
6.225985281402088
4.588584705221825
5.536143876419265
6.059151855146377
4.973583642624495
6.684852607580174
4.962146900722407
4.94548248649801
5.049768504441848
5.0956851313756095
6.546303209196377
3.3551791337005255
5.956465700329443
4.506633452549417
6.376653189649565
3.7321221703521887
4.888029036826308
6.712398656962293
6.336260813318778
6.429630546979854
4.310903245509346
5.358475671538483
4.614971255454778
5.57947395160947
5.515195055975531
5.750872504294568
3.830339236331882
4.392377870298095
4.038958323838677
5.729575481892508
4.192821068610028
4.672969874605265
3.6591196324932715
4.843724346692904
5.75200359618683
4.229846085571809
3.1403961813118304
5.044283130565729
4.792552453160301
3.6130437437869958
4.8966453014131
5.416946193995426
4.881710587420697
4.615970280169568
6.203126653193453
4.90493492835229
5.676529878836609
4.9170111110551975
4.239931075411529
5.195895459740066
2.2165785229784616
6.9761524978969875
6.377368743620075
4.622333033905968
5.177242145640002
4.916741581141208
4.750702773721259
5.181571800379733
3.5073754413046947
6.289624644188263
4.760441580298406
6.1993975990688925
6.06496912026943
4.121061183817811
4.801854700710299
4.8641420228906
7.43768325387784
5.132786757346376
5.048165361538348
5.617290665453683
4.673896379794227
4.124083729225345
6.536013199467729
6.75980204250934
3.4702481943830192
4.041800191081387
4.848179708067988
5.397862013941442
5.06241291589877
4.904421327228996
5.44153198114521
6.238537983571595
5.196048739760336
5.086940921042715
4.81098655342525
4.481589380125743
7.245578330141242
5.627892876494963
3.96415694087633
4.030776598128976
4.289372827551705
6.061085866928565
5.835311782949586
4.947855400981917
6.099632030113068
4.167205810174265
6.727274419631297
5.065768000909752
5.919570484866674
3.748267126395498
4.87406322524664
5.144518144080882
4.119622024290397
5.811586713636568
4.841817585461623
5.054953062292607
7.261949409988899
6.273694605293798
6.048078108635343
5.358499269479904
3.9206513958874334
3.154638972368855
4.409668633777225
4.3208726397571136
3.959592984396326
5.736003949022892
4.251809766826892
5.8516084085766185
5.547843056981847
5.666915877355694
6.729717060238025
7.034653867642495
6.032543724229343
5.437293332137142
5.821939025074597
2.919902715639915
4.991095179627818
4.899816418215512
4.055138542881496
6.3033165873374015
4.166735966556174
5.1424287686849155
4.240350678533398
5.325464398221454
3.589782297386237
4.793131726190124
4.666395391891866
4.9381049823820735
5.010463687468693
6.244323804523506
5.926821468393283
5.8617698313523885
3.6885570450561227
4.1163327742507505
6.196040914632362
5.147618383799854
5.051209304959479
3.9858058872873388
5.105105156068728
5.796923142549148
6.096686406489416
3.9710928906714784
3.021804682038687
5.276823824616199
5.931665622771594
4.717254092642104
5.560116648692612
6.766203584323174
4.784354201837678
5.352948286202406
4.083845519117578
3.853417692068505
4.480103299223652
3.8548148996210676
5.1791132549016465
3.74252038580916
7.0618221037840225
3.914792475689856
5.2864145637150886
4.700486170791745
6.8098261721585605
5.969068367292126
3.967204490056673
4.809248132958861
4.326324867479136
5.857745258127688
5.337272523162184
4.85229896666542
4.430785458664298
3.5244421484411284
4.262512294736462
7.077428308309092
3.380850590700991
4.38417318450287
5.610702020745633
6.102355054229845
5.488793262797936
6.274140984392718
4.170273548902982
4.709812537929165
5.081138481591134
4.179531392718279
5.239159562069931
4.778273038542929
3.496026179387582
5.638874045646298
2.2540071816853287
5.955508668385457
4.3935523288243505
4.19991071263725
5.337263483012888
5.137162517107549
6.5043386412946065
5.100737330938012
6.038419604418525
4.997228121750004
4.854472517064874
4.434921965228824
3.4779643908205253
5.339342064538377
4.903231361435983
5.871674450758323
4.6551068237728455
5.008067629306621
4.985054714476125
5.43259334711496
5.39891629635288
4.708154140532187
5.769372599901523
3.7937325540647393
6.117088617871103
6.270959745368236
3.9698162528616594
3.6688952932228167
4.677799890708245
3.5316813940501364
4.35893029589982
5.401648580867659
4.924682058343441
5.065450764518063
5.786167516448534
5.213718704078576
5.03766121709576
3.7255938611071406
5.3017252614768156
4.9516536623066445
3.991302213579363
4.800104123436216
5.856056384029124
5.130740406557802
4.2203904424779335
7.0186818613415385
4.726013092755581
6.1903439007849554
3.3388894013860573
4.8881083977372715
4.701761816126065
4.734634835008717
5.03590284564723
6.2065143896360535
5.124011855224202
3.6480837983348584
7.026206122751242
3.95331021623828
4.8212225872553365
5.161426487847299
4.843632144271127
4.3565524845957
6.413437966233504
5.1480032895655485
2.8867201478309825
4.711953731375759
4.640531037066159
3.542871400048411
4.129216699859499
6.1627533417318405
5.052651093976834
4.5077966653661985
4.481698172561849
4.094865508651628
5.31359848921443
5.191171667855189
4.309020576726642
5.603066804590889
4.315387769562897
5.428176151338501
5.253341439566919
4.282130506079137
4.205539886834834
5.80478850181508
4.060359099874055
5.316624432691376
4.673838252997122
4.548180000195886
5.77706379118017
6.208741112031406
5.806101348350751
4.911627820315058
6.0689791706726925
3.7449406747462057
3.051912949167801
4.495184564030066
7.06308112422045
3.8241220036739714
6.358853090012177
5.2815540501754885
7.5485293339329775
5.5651046432990485
3.538122137139696
5.1505787931386156
3.7955617382143765
3.775164630866878
5.371516766436277
5.572031609040273
4.962824500079517
4.4629104546925475
6.0818101603471595
4.9868630684236805
6.103467307212844
5.403843175954754
4.967106467762705
3.829399561789578
4.939282897278059
3.450290477496826
4.134971684144141
5.000634274231184
4.598548213045742
5.0202097506821515
3.546577453204636
4.7855587349926685
7.190327525675984
5.114926073848272
5.276608369062272
3.8380060788130876
5.608374669475918
4.1182890278893876
4.526428045484672
5.736567012662407
4.921881634850837
6.018417301040539
4.95923503995431
4.4208655066628815
3.222436976517872
5.205670393641637
3.7802407328473384
4.266003806021486
4.70926178146122
6.110533113896912
4.276301383512323
3.5948819996531656
4.600028993066527
4.2937288004825955
4.653894496038339
5.922906673142842
5.435851181337695
5.508930389207526
7.259854655912001
5.156460482511443
4.872882173032836
4.130350699373973
4.346001443971174
5.121393377618339
5.9825638806179455
6.092280615913139
4.393201313793958
4.964316111997692
3.8557841685663647
2.719100403501819
4.756467378778958
5.768071135087712
6.492977005991863
5.0605042679975245
3.485541107318818
4.7787564506130735
3.4715822822855715
4.9605879169269755
5.3395754996501
5.641060773848839
4.632454395400917
5.693494296345167
4.753323476574297
5.709663581456603
5.298721173160926
5.221293792221527
5.251870856199679
5.536157389244844
5.286893263232151
5.461512602138522
6.262303834133155
5.8779194232544745
4.232001848907366
4.316065957274288
5.539445498074168
5.84270839205305
5.671642336229668
5.989996670591432
4.585635938943437
4.996865337918741
4.513750247765003
3.943896713958673
4.987389846672742
5.45166734432624
5.127636483907163
4.291032377880137
4.5734942939749805
5.485367233470552
4.832870873807143
5.869459121630268
4.7184746506063995
4.417970551084739
4.332779093186253
5.598963491975666
6.36008154391921
5.050896810076045
3.6772294740758915
6.056377494277718
4.090747438985712
5.730258167283507
4.915902807638693
4.286885122002896
4.926961977046636
5.16493273005921
2.7171824585754547
3.9561917285331853
4.763434955697121
4.410080587309041
4.955148698474775
4.080372941033072
4.67680279149004
6.172924688625886
5.845436877098225
4.563030929414284
4.593191359188088
5.360116267382443
7.024554495064133
5.199868853912072
6.100585383109875
3.4175745714069805
4.75328299247842
3.3229911417281093
6.761969435997472
3.993647510907273
4.992818601074746
3.107061042658006
4.695019711295926
5.080566126304554
6.2609923314723535
6.280363313862348
4.711530825974274
4.507170686198469
5.728671171097452
4.456899272522547
4.653909889237033
5.46019333742409
5.918904599602241
3.345786803579564
5.13286969530086
4.517780322382366
5.4646158066788555
3.6403330879174036
4.343965559072456
2.5349550456950487
6.033939366826276
5.890178588304255
4.056809325203087
4.315370176570299
3.3120993003337538
4.794303262412582
5.370425174918031
4.150553449673824
3.6747153005922364
5.2447029992903875
5.105120338239503
6.324154819983469
3.5643436191592697
3.586474714374577
4.373630672186098
5.396541782055415
3.129562826722071
6.1016611632282425
4.46108450104621
5.454667379760215
2.9032458441311624
4.85413736501753
6.083993447757907
3.803657262774177
3.8760937035268723
5.669642566392873
6.319482652889208
4.617605697775118
4.299786640457166
5.913948476133323
5.397928976530252
6.334994210369976
4.5262523210491485
4.379290885901687
4.687528914753882
4.889267559882298
4.596661836855258
4.689932885585529
4.872331275344739
5.717464633450854
3.6436114114067153
4.746727270624735
4.5293131439431615
3.346014995741952
4.205305642948492
3.898988036279571
4.932937160861355
4.600271061501859
4.561411212644924
5.224657321585758
6.211973690077924
4.1662218217321705
3.0393373488205153
4.60717782676287
5.0602768661331075
4.368728908855504
6.233994676808047
5.495465111574097
6.899329007156718
2.708634623780432
5.064597560836112
6.029626789274579
4.5063945520147985
5.439597374849237
6.994849359117194
4.549295173064231
4.856057846759759
6.111770376629612
6.151379849827388
5.19573135761898
4.4042473890496785
7.0790972109424
5.44809348108878
5.215468835384708
4.803474472222975
7.039496925493782
4.444116583409155
5.491173299784802
4.339808723017019
4.932110806418876
5.7729708710280505
5.829006039397484
4.4906034012616205
5.025057820618904
5.260762710746175
6.250196126908922
5.129195954697317
5.10170634963605
5.513374450042358
4.291188623430411
5.695813122884639
6.906467330714319
4.9918426891845575
5.0973955941173985
4.121213556632235
5.790460980335646
4.749549586167482
3.98754457158334
4.322070005550099
5.158213159664768
4.6440036910907665
4.853969555876479
4.00003317277183
5.2858162538445805
4.260693344020433
5.155452251465112
5.322763792191395
5.026697243356416
4.824460355680347
4.683865199910964
6.7853326861368775
4.824227836759944
3.081014325418314
4.669519522436907
7.310415943958557
2.8413689428170685
4.113290929749133
3.82124092165785
5.554127977771031
3.4401613429651277
3.6627430999242643
5.097676084433649
7.52084166395191
4.5803071298829
2.423301893289393
5.445180676160877
4.3190217007252185
5.902679201849821
3.4916375984149135
3.4882273439920426
4.353575811012034
4.646942544760224
4.375914822065747
3.8697909119697185
4.071431440346143
3.893406443013189
4.7525664651596475
3.826736172366611
5.222427617237758
3.8883971005583446
5.144802383602559
4.380769238413228
3.4185330332033517
5.759354590063669
5.835992861152041
5.678834907924575
5.358720721065578
2.5335053225024646
4.404977292740245
5.02535291450817
4.4520464578163965
5.45761416836651
4.28135405208167
4.482836807232251
2.9331946154162902
4.782201988566964
5.696720304126561
4.776013663966582
5.754878646729982
4.93106960726417
5.401140929473609
6.773551852472728
5.030165918900181
3.7133216457937315
6.237623736066007
5.5162133009905014
2.796078331335308
3.491938683676593
5.5449950883302845
5.731659468607035
6.522965548824705
6.102462924987373
6.616458662263577
4.492112143624104
4.868585007553103
4.307759065044644
3.355512539034616
6.95543327459364
3.850570183312582
4.657418665488298
4.639766244139923
4.1414405359954545
6.395746833612083
2.9983881634218617
7.757870316876257
3.1074771761260918
5.257332246524156
3.472023344324504
5.411121124250046
4.168102326827236
4.949185378962053
4.154889466245104
5.461892876753445
7.162851800399695
4.752735634615024
4.056048218857628
4.559789942417034
4.570001171746472
3.6927614943973928
5.0670038023687
5.79805001098233
6.660389893824325
4.099868641561299
3.6697550545471467
3.4637263902882744
3.45926210043108
4.163030065678305
4.942202577022197
4.344495989047948
4.37437999525585
4.643621698662637
4.028055769716479
3.7291300551602418
6.827834906229495
5.337276601850599
4.638487935119575
5.388692237226354
4.6376116442215025
5.183561685979914
5.149806326588755
4.691582342507759
4.9872699031970305
3.9989544943815667
6.999506395485232
5.6269906070069835
5.787984866841379
4.6207910953454805
4.75514700053007
4.032172378484769
4.5383815577336355
6.378836581554344
5.034672609421864
5.690500495129319
5.208475475582722
4.097246113786206
4.016824785792085
4.845934549288269
7.145012729218598
4.536475198931111
6.0882535038415835
4.386790613864875
5.9181473640565345
5.625338259683896
5.630607224555589
3.4994449756374144
4.459545833382577
5.503500693612191
3.54678418721729
4.184693003740003
5.09190440283337
6.08985541735907
5.06547064934526
5.284891786064845
3.59862687733735
5.616883681845835
6.757831764744994
5.430289844137015
4.3900792858144255
5.15223811049263
7.250188764038792
4.3484728779338635
5.444206838608944
3.2835573094936925
5.05943965365275
5.1538343159120865
5.793208490668791
5.3217138752079745
3.940373881008594
6.2995461636195085
6.1277890385879425
5.629212239248131
4.2453131357971134
5.281497621146092
4.046722192055382
4.717644745117339
4.919054287948313
6.024848242843721
5.011196875713151
3.837671730943015
3.7963533450305382
6.291981241484516
5.229582950016316
5.374397713791106
4.64382997094896
4.352539099894449
6.147645069419134
6.728587648444633
4.460251047024115
3.964712335521731
5.427057938350213
6.9516239274193365
5.288772763359127
5.37592055500126
5.572594747937365
5.995452890438672
4.215545946411298
4.396204727161756
4.816006632126591
5.06100146056616
4.538140217751801
4.856654102227138
5.289638207369729
5.877317916319473
4.357243456517056
4.37590398522898
5.0717468993335855
5.89690968174507
4.004080516882191
5.698542026153673
3.5046608732633535
4.960070444112058
4.075861846254974
5.441400257222893
6.200178345636964
5.268335194601826
4.786974553881207
5.3752551739680765
6.215110852643504
4.719422109790673
3.615163366805805
6.570677451428447
6.159666206109121
5.771428966634591
4.450437897105006
3.774002615322697
3.9390079472412993
4.1690460991471525
5.564551712575075
3.8937075556450096
5.626998188227809
4.544975893542651
2.977323144231739
5.081994649883366
3.21329611489172
5.432165623684787
4.376830774766988
4.087235563375353
5.136947521766966
4.282133060517772
6.242434578866105
3.787031085429553
6.225348859290504
3.8300200792427397
4.69320261463547
7.276653135159461
5.067594405046293
4.824933048807021
5.312446123873263
3.8845814713645175
4.794910115266016
4.6464502977512785
4.51388828066416
7.2176855801404525
5.037856192553813
3.756374334571477
7.479922582107946
6.913799046496251
3.891054029060302
3.102349631730481
4.673768870018787
5.448782134199075
4.5207126157490825
2.4874420495093217
7.473497157589326
4.428705226114353
4.53285894109798
6.392050997827117
6.014115711721415
6.484798791207001
5.709967522730101
3.36815833264824
4.855385892076439
6.199035121250442
2.187401339217536
5.467538991110069
4.002214042655288
5.3660923469107065
3.628254043384898
4.679587795309656
4.669776973038785
5.403982794534335
3.091293260511754
6.07076723348132
5.737441082260355
3.8029219631062197
4.65585549086999
3.549088929370998
4.874722893238204
5.562563057216943
3.046766803092803
6.513590618790124
5.925451517923165
4.947039598093546
4.865589660028509
4.072104975508866
4.7779922142469715
4.565215607613448
4.883133271109326
6.793634018120516
3.329851855613628
6.091249442124221
6.105644720869091
4.977903469512192
4.940229177943203
6.039555272843153
5.309849748017824
4.966961872045642
4.652506944346399
4.882330233622158
5.574736164889264
5.8350313932919695
4.580755079708863
5.776977457602113
5.713101862727785
4.946895954758958
5.085198349552149
5.520174102465918
5.295082134081498
4.240771954254805
4.0568491471757335
7.376286029346555
3.8699812227564783
6.046312762991679
3.3708840605112558
6.441734902409306
3.4689618117625556
5.077034115186921
3.9188114165821624
5.46121919491335
4.87103988106579
4.801405773576005
4.609593637503275
6.589428184995002
5.845323061995325
5.776096398139814
4.847442148345395
2.856520963878555
4.772226340286253
4.109505834722169
6.4626186326055075
6.172635684212632
6.336094977077273
4.5120417004929125
4.716828189494408
5.422581747727548
5.94546453233895
5.13929926112823
6.413936984438503
5.499552181271517
4.552086209103389
6.136860045688759
6.152898457060232
5.898984460592159
4.673203293204994
5.094764375001143
3.9926553718310815
4.327814914285403
4.810552062968089
5.55360358051407
6.53141410405528
5.198832898024459
5.352852266093076
4.484930583711789
6.495066313933203
5.337219934483734
3.8453968632826814
3.3596903003362657
5.493907740396579
4.426038662820005
5.208123753348649
6.450441495606272
4.53809224820675
4.932249065594912
5.097832738585998
5.449941258810634
4.838166495293949
4.695269428935935
6.335227215672449
5.8613983839976305
5.8832893432138995
5.321232616525508
4.291247615397564
3.827999434601024
4.720294097735758
6.772121350682369
3.487296384563808
6.122367191768804
4.776222620667139
4.877208901353979
5.028016940171213
5.580429103938231
3.7741112330956312
3.9697420011499944
4.898943517658803
4.598665520015233
6.669193992648739
4.9996957508067785
4.565828137139084
4.491068347945469
6.313594442882538
3.8310558057292967
4.962286618853147
7.15760140186075
4.994272483709978
6.248092962021849
5.791880038950272
3.5436895346461577
5.383187627408441
6.19781032493452
6.370705913911914
4.233540837466256
4.652408212804274
6.267302621030439
4.803881738942616
5.152574807547696
4.755700876619508
3.0500575248359754
3.4636697900298428
6.240737398222154
3.826499483805295
5.629483114854888
4.335981261947387
6.2758102684869375
4.785654745905991
4.089859536714061
4.645599629770811
3.516742408725789
4.22629192363433
3.6365774399912327
6.964681228057872
5.795013314762947
3.619328931648089
3.881977961393287
4.54617102039832
6.164209283049349
6.378182669863081
3.753329814956929
5.245743702692955
4.830367598963031
5.975203404577315
4.331290526049636
4.961188269778035
5.0963787099179125
5.8748991626820395
4.630161873028415
5.704204013847378
4.669748324078997
5.178626756455244
5.956312664102333
5.559645607686861
4.916484120988118
3.899874536921712
4.906721980298915
4.491601859165165
5.682746605220748
5.441375338125768
6.999205516345851
7.503936695884451
4.4245349808716865
4.346431794991614
5.0290244895093466
3.62828698594529
6.499310432700199
5.668604611174536
5.74131215363385
5.675581077467607
4.843163193557339
5.954517977134071
4.284484394248111
4.693797100221408
5.818630540555576
3.9147187803910932
3.824877545556447
4.735575590549688
4.721435570503855
4.736221668931715
6.122751082310563
5.3776088751800355
5.2093102983647785
6.50925557116486
4.3739326100518605
5.318184950937388
4.269756664074737
2.8543928451278124
5.461716498870897
5.2255760967262646
6.850637294421583
5.344046134756347
5.570609476108877
5.052845653734662
4.063629143569999
6.194289127175449
5.832983936145851
4.422089971569034
5.6052202473081305
4.197617126813052
5.0582058511627945
3.926943365373255
5.908286815344298
7.120274676817779
4.362222702853185
4.977068488030806
5.022799120844175
6.619935105469627
3.946803716037702
4.242487705852955
5.737738637046706
5.088289701698392
4.2575338171268875
3.563918814541064
6.61107494499084
4.334445419222215
4.655029696697947
4.188028279111765
7.150524008316472
6.219998913869306
5.223514059637817
6.08953673542136
5.757665410900145
6.622460082624639
4.647377191297741
4.682205534342901
5.506838435917399
3.7495642856526556
5.518581471615555
3.472934538176222
6.30081418537174
4.9304351596078035
6.138160683822293
6.101275270297306
5.878928806131092
5.244379196921682
4.63219614922805
8.060427176947973
4.141238497119625
4.398388078084221
5.852707412952343
4.920861676341181
4.892360022120036
2.7292169698315023
5.550028450115185
4.751184617778805
5.9118875666277155
4.3921452856980725
4.631730079481964
5.008665061686352
3.3319616161041488
7.542498183651429
4.593484937852291
3.996172552145148
4.284397867570382
5.23716162318657
3.7087531669771763
4.144319622708797
5.520783124741223
4.960703473364811
5.622701044389739
4.774443247303813
3.7509575173461775
2.84571200492882
5.517303855840692
4.150454493364026
5.798438602236936
4.991986057490907
3.629092975660624
3.3733499147912873
3.6266916471111266
4.700689100933365
6.155717216423097
3.9650598191187107
5.686423789938986
5.076032034032622
5.60279005663359
5.429836680927888
4.971264944210217
3.8862121041369933
2.9233711882554245
6.321957718698275
5.137450753170135
5.830593130854668
6.3242085237913495
6.091807608192272
6.192942067824576
4.86743541218724
5.164671618447123
5.174380390849538
6.724085596849454
5.396284846787637
3.9025196796525146
5.6614793989908465
4.8784910505715295
5.954671407460322
4.819786190707863
7.321178524208752
5.2847069334826084
4.72334132451235
5.558274579686212
6.743651814671426
5.1429221886788445
3.0798621451352943
6.512413469030148
3.8403256038646467
7.1089737039172025
7.83708815618849
6.1305352065549785
6.49130725568466
3.7141493413858817
5.495362762644324
5.686685322335335
5.553207633268295
4.395209145244443
6.125957602279419
5.295476244487865
5.063960358771148
4.883695377145593
5.150576085181627
4.973522931247227
6.923250525551841
6.35091486521403
4.7824509572453495
7.22646050991619
6.447067527515164
4.925411211539219
3.9342549998430654
5.93372430456636
4.868105209413225
3.7998174174847166
3.730276129946309
4.934354495118532
5.399265524374313
4.00365441171611
5.541275101875748
3.918253772279818
6.890256964090402
6.184133920601034
4.285387987782649
4.80826577113039
4.882744753965139
4.4024309883133865
3.7849695483843933
4.116429072016051
3.530746268677457
4.974948505137801
5.535332244629611
6.27037886605648
3.6941531086617814
5.557371349095626
4.81107288700977
5.001298064444638
4.141097857965792
5.251989363123921
5.001423503058877
4.662713632265947
5.8660506840809665
5.848145633375779
4.83615300932415
4.938091233579504
5.77885736186793
3.7873993568232804
4.841085859519449
3.404844281072544
5.457499529960357
4.145428349614065
4.661075277114618
5.110986255242719
4.653222228127137
3.3679147846094457
3.6122445217839365
5.5285253162101045
5.357974448638716
6.016962510673187
5.81904519924216
5.5061950458849065
4.776441549414962
7.419087480403519
5.00924377103246
3.1279536577492983
3.1717785690400886
6.1047281136630875
5.0711817405473925
5.397969766915514
6.13584808492297
3.1282638989640406
5.860251160758416
5.576823311702124
4.516492590394071
5.827500820387643
4.414727706816086
4.993376563336076
4.868528038914224
3.1669482666152833
5.128240356350339
7.223379061250578
4.165310126054911
5.093281967767365
5.3516464054851
2.18830274688588
3.5059301861045684
6.141358432376656
4.540594210859071
5.6100524855223926
4.789916134427153
5.596556563432775
3.483420348461686
5.807914901168249
5.422450245398334
2.518281585146892
4.810125763503438
6.080643210828915
6.172712243464606
3.8942790508033247
4.685037215068466
5.31920603457923
3.5962595533603645
4.4099069433690605
5.329702906523852
5.488261096947181
4.487212812336388
5.917811731716037
5.471678126292022
6.69240400705484
4.449228949365114
4.824084227209484
5.3937477782440535
4.772137559703711
4.0468810234150565
5.2462950428886455
5.601396289556535
4.508200765505844
4.798865361845664
3.5728695483896913
5.436092913992104
6.016540651827798
4.680122514729584
4.3079967179143095
2.8417561980463777
6.703429715907977
5.465864680151086
4.266205770995684
6.546590916387828
3.6974403145433037
7.325384207431663
4.366649317705686
4.19592185002982
5.06862589796144
4.398804210574508
5.8897846460649745
7.325689444500486
4.748209119008879
5.872884093148133
5.705987947245512
5.528044111797307
5.742837608944574
4.815151112773936
5.179803857927217
5.64019684231169
5.141770350431646
5.530668777636369
4.04386036808282
5.0046356707629505
5.758806933009728
5.740140874012774
6.159579743868974
4.257850023730478
6.2675645936282995
4.679573831580395
4.967228283329009
4.066281339312355
4.4040791879834975
6.068652304313019
6.821013728297868
4.711911692304586
5.078651219357312
4.767783004642454
5.9435552066016495
4.219765524138284
4.592736083256652
3.9624532804723502
4.868727413815725
5.482065577375235
3.1017646634834506
4.7523508370286995
4.959262983102426
4.435671959937767
3.651310709818329
5.880549578724041
4.0973648868316195
3.7243387811649953
5.263846919542927
4.073616033355789
4.548375279646147
4.444702021311289
3.86661387709207
5.910559725258776
4.017726181301393
5.610926146161707
5.0093353485638685
4.295606697179911
5.636130796699639
5.2750869018772235
6.652532125600251
4.818136782481469
4.678555304819762
4.714926856077007
5.503846588312761
6.8093178319645435
5.75524307778363
4.132874752324705
5.677272127807059
6.021056473482496
4.684887762386217
4.865956540772302
4.457407348149958
4.285050872366773
6.705298012930873
5.471043750226833
5.452173873552843
4.530410447089126
3.287699020795459
4.34625651535184
3.862457874723295
5.795988676918502
6.484633459425877
5.185995131942458
3.6963381073134074
4.670785470787398
4.563436188080445
6.79066275311614
5.144533901469731
3.9034387945167652
4.389137516383928
4.3243718882309174
5.181441188521871
5.901448539911274
5.15172449816769
5.791477934382573
4.364445591026229
3.5220875714830577
3.9560008691645967
4.073519166730861
6.338701102183139
6.732126835388856
3.464885190180521
6.6829627628041735
5.559143849710966
5.76979442185592
5.287975504920831
4.8189619992486055
3.2647129460687174
5.395394856607404
5.242637860650844
4.874536628472629
7.127978121722665
7.135090396151767
3.6149387341324113
1.5427676514352782
3.1456280549555076
4.633174414227716
5.410634101482995
1.7691190240078938
4.748814649135087
5.792603029473188
5.090566842658868
6.14858253682171
5.751027597917256
4.882229318510376
5.454255703584712
6.206935829852664
6.097258257515753
3.9080973532687144
4.58983936948808
5.107427019324373
4.2833880787654
5.068875161660694
4.021705705811971
5.656720948357432
3.6882666223246146
5.300747369010487
5.948230020941693
4.557160745815083
5.191637530057445
6.210364068951988
5.062388863452633
6.6538196541632475
3.5275494353184023
5.022943352546347
4.814576629574915
4.943790890773807
4.545548356416697
4.866836465106799
5.423166287805032
5.4153398116873275
5.442852467785342
5.3614621205326785
5.486924839385857
3.6657266832140287
6.6671528307543
5.48200796209282
4.27512142045245
5.574389391337279
4.891819696444057
5.974888540275105
3.961163344823703
3.8731474024676773
4.559654431875041
5.6061153465859865
4.437803343595218
3.992035102352829
5.122614085259013
5.108893702526716
4.881467641578082
6.992526169090453
5.158870944550495
5.755536461643752
6.245306673840364
5.135288870174477
5.155597637087908
5.010657842545626
6.868218044056057
5.060450361940131
3.3731585609133576
5.691474764213731
4.2847375021355285
5.767135392872987
6.1750704977940405
4.215257071501616
5.253010718950808
4.81369149644471
5.391310729832776
5.230454388728618
3.0022930535491317
5.457244482102599
5.968675812636031
3.891066516678918
3.9392532063915047
6.088637671790307
4.41156932162764
4.158106744515764
4.934030644047423
6.044475451215415
5.624597949809011
4.778226928170007
3.6442140648071395
4.179271444539445
5.045156521470777
7.330119118458597
3.9225605151337937
5.983364621556666
4.9526004396747805
6.067378515665581
4.813985424916519
6.052588965852463
5.783946075008201
4.932821007286317
6.9131716776967505
5.155495948681559
6.533972123975654
5.844597560176773
4.928336682060502
3.323596881497406
4.579710357504059
3.5258588352526368
5.766337706449348
4.1331850489212485
6.505544436175851
5.297344206677746
7.855353227195399
2.296088407110938
6.331703633096157
3.6112233057867087
3.621078031541123
5.771053537697182
6.047043006738255
4.034840783397164
6.049712317742172
5.537378088234529
5.559623117880237
5.821874542597219
4.9107384878061255
5.749304033360348
4.914967827775895
4.247234377928125
5.481931543543842
4.558384839518214
4.369581174203882
5.743951482749656
5.869044024183988
4.130275020488872
2.5806080583423237
5.426500724932355
4.54973652508035
5.708889157179776
4.574312265147564
5.069791545294441
5.181612929780324
5.840756298204141
6.183081643795534
6.285486224098041
4.81486787601119
5.007846787349818
6.102340295102086
4.3761590963868136
4.321762231793888
3.8065226734358375
7.498331924827684
5.225181211574741
5.2960369934947655
5.179053043629265
4.401916451905997
3.486383583441442
4.557836470016219
4.237512037852481
5.0939461948822515
5.778413057829226
4.240143008994368
4.157058671975714
3.495123003826901
3.9299480515675937
5.801475224760276
4.5626741876903285
3.65554722989098
5.836118526544162
3.891519877463158
3.7899881749327284
4.645507840114255
3.528593844942351
4.671476262899042
4.7155845652472905
5.34123989336171
4.52135426835918
4.487458222007184
4.633655686083964
4.7054570565364715
5.844128156672769
5.588307097093028
5.676042394393582
5.080382208253321
5.4674401523695675
3.9048550595640483
3.735541625910879
5.157007716634436
4.848721558155638
3.549187526573404
5.0695487693586525
3.9698775347231696
6.255120413695327
5.846631466483283
3.435464738507681
5.610483291617274
4.563909178510119
4.534676572891564
3.8995387494484888
4.746991304778609
3.805627566572342
5.159750652265226
5.462525098891207
5.706699645221397
6.514175030162347
4.128840147110376
5.257408349889024
4.432657583737495
4.8542819968410145
3.6253348783626635
5.291883079575045
4.268778880418635
5.508282988819273
7.392554292663528
3.659705995600997
5.153105621241269
4.040688383327847
4.9102178582767015
5.514386428315245
5.868630631498316
4.188177230553734
5.6711059004661895
7.045007201993966
4.473576566975443
4.466432885928296
3.9682726370134014
5.211254733677197
3.775615414531123
6.262164715603665
4.045625373261922
6.109173566313485
4.240939570196835
5.226682767014151
3.6329305926228357
4.45573763444548
4.615944653628351
7.165707674339646
4.582156990443176
5.59405564063408
5.195293225772158
4.621989681793981
4.378534570747602
4.18072249588022
4.659023624762527
5.536806713348521
4.8270647446834545
5.173069105649676
3.8647208340329913
4.3825309512399
3.770341369798931
3.884386186659806
4.248473797666515
5.739351050108098
6.38025729164795
4.831190754781778
6.635285821520088
3.97671340862833
5.4843844787063265
6.279022242422557
3.375708093788712
4.986837975522745
5.677943179135368
5.1038804981499215
6.089604276051137
3.3155756898066224
4.99260075233116
4.124889008970107
3.613516073692422
4.461408810966364
5.701825034335359
7.197123316313939
4.7430877180385265
4.936544330101246
7.0188696861238125
5.031817986176582
4.957764166958482
2.148771049756215
5.64066327936915
5.812784009167829
5.752100561232952
5.379869224183065
5.294641721538838
5.060701708009022
5.185245083053287
5.311663562484863
5.470881971194645
2.9502921385065695
6.0999387996128265
5.119827051373946
4.635531812771487
5.032220497805783
4.673195115930758
5.16192748593262
5.038027544480168
5.549708480050589
4.201650696680228
4.062751618887269
5.259422394336917
6.561085057628968
4.544146699590682
5.51842242960419
3.8351579879771194
5.526398642313653
5.069901063215481
4.136634971724463
6.48015088486149
5.120366181602725
5.039778854985931
4.54301212393857
6.991990306490727
3.6160159986853286
7.448252788975173
4.584382273927206
6.382977525867123
3.1515879963455466
3.7784603519107116
6.690716503801616
4.585978590052517
4.563581818482096
5.3632845877139275
3.9624804354613503
3.626078740796438
3.7838669818152284
6.956025858341848
5.991446138798301
5.389065086903721
4.222655657200258
5.576247217066694
3.179016629888052
8.02962052248062
3.9435504345308643
4.973568471049741
4.474486902598653
5.5744973429628
4.6152786609825345
3.9770935125408764
5.049842670010904
3.632670378486515
3.614905065215715
4.683311249774198
5.701468480042147
5.6843840839970685
3.4723729994993513
4.124020870961654
4.318027004458264
4.595681883792696
5.130614189417423
6.9858301073108695
4.690125205595092
3.6803032119100103
6.703532072785336
4.784899617091947
4.959034823798563
7.095813851600511
6.017367962582471
5.386903712992418
4.92777645328645
5.063810340086143
6.703116803624111
4.9876302932175065
5.347263066714401
5.699700386248512
4.042664857141881
4.819246534285669
5.627266619844667
5.383471311174801
6.6538825178442425
3.918856951552983
3.2517306067568392
5.248153535116851
5.3862349262842795
5.105683840094095
6.597175300165603
4.043190248591829
4.295263694650368
5.776370545550025
5.429228092224386
5.389060305893529
6.132989188338415
5.924884689638834
5.02877192861373
3.4960211166901423
3.826361486799088
5.943576270807997
5.402852317792519
4.759353814306527
7.052101122441694
4.060863181925437
4.183300134190481
5.556186089755032
5.609502833690627
4.427347772831122
4.1085362804276695
4.97744278091905
5.059133500242294
5.937311969233738
3.9948755695367133
6.378461294894398
6.042773538407928
3.4970495850563856
5.654321985857104
3.173623407280734
5.2187482203067646
4.548364956377575
4.463580536233682
4.526095673621297
5.1255003420940355
5.564871942403146
4.73631574351129
4.088759432474166
6.291038483235862
6.089197258651012
4.839372520650186
5.951387693611439
4.742601142579392
5.254327825079981
4.270162133789439
4.178383104109601
4.674255550139943
5.515520727180949
5.171808159562583
5.170526983124075
6.375882138030536
4.574851371378574
5.9897738414801625
4.031188975670538
3.8677779662580756
5.980108811849531
5.417652856897476
7.156996676364459
3.531061231722351
3.67888399650372
5.230549822177915
4.325113648158136
6.2800713353848625
5.237636570760779
4.579675246165161
3.7828438384879064
5.1258490055819825
7.192474691802026
4.368050291619485
3.8115192595568232
4.909815195686312
4.560282922803039
6.44682445116247
3.856469292271881
4.990753474955968
5.868212879499417
3.9013143375443655
4.873524026993149
5.589501314556153
3.8603398800363697
5.9581554680504185
4.811609630874479
4.516385039015076
5.187060912851947
4.846510951648924
3.0136342307794464
4.9374415109814915
4.392486942278926
4.3106044159139225
6.296731444900901
3.7272261534926434
4.558476869669976
7.056034847374879
4.5482637398049075
5.923758239977037
5.586851609473751
4.878009012861328
3.518757616239762
6.0740404388407185
4.068231678733964
4.254319602991801
4.636959842034088
4.543119622276483
5.787320769287166
7.795817725757291
4.979503880248284
4.389435136704118
5.2027032806225595
3.471942699473889
4.497611829578864
5.070008217051919
6.780374155828194
6.337200358306112
5.460386829483329
5.2528538281390675
6.8440026028546725
4.143563360581804
4.887791407961164
3.1496333545826163
5.225821328089478
6.916078612541281
3.8842451977469494
3.8403611400268125
6.96050297769128
4.984624568145528
5.395410262296765
5.560109489777271
4.76743635678032
4.685620063021545
5.841125911338941
5.23921975170313
2.8827984527818016
6.149105023187322
3.6156654818877696
4.7943858568049
4.471331113789442
6.674786350302298
4.514586566009363
4.152925606732327
4.216789366062708
5.298268974542866
5.313289629781112
5.853156474532274
3.8952873203628826
4.094083391466592
4.743298953058912
3.52325424103417
3.2076990318041156
5.254149212499224
3.828394200905649
4.622477545040918
4.865872360865399
2.9331409737734915
5.418311917432051
4.123846677747699
6.083069496504058
5.6075090997239005
4.42314215688463
5.598484019535385
5.163920453874021
6.163511442753933
4.855647847518898
3.881753179631995
5.493571780071982
3.8322111217238777
3.3197488855762125
4.342856898325025
5.311501650293953
5.554174558897159
4.086027734627622
4.313837058959282
3.8423149127563128
4.593731979587081
4.989683209061385
4.569768043921124
6.476393313450709
6.256031016959139
4.711989675485395
5.347189037624873
5.767935278878971
5.05119739080779
5.40269484619151
3.4697677183940803
4.7209083261032125
5.703206765522606
5.081653939197173
3.8603922152781216
3.626124197176435
5.834649169485657
3.094807853967478
6.08457515594334
4.78027606301602
5.14482769461954
5.571024623394574
5.422504329586726
4.574746510749828
5.613344007600261
5.637546777446507
4.128811825615225
4.16122764554987
4.174229944413473
3.87609960386727
2.959012503457594
3.885267552511055
4.4433896439623854
4.551167363980612
4.52490377726813
4.335735551962619
5.199289044644557
4.1591938825186165
5.331765674864894
2.5929350923262255
6.9828853595165
5.31113425355498
5.844587919894203
4.03840538892302
4.557495262693574
5.290912257354455
4.279284825727403
5.141264402448928
4.124045153680711
4.623014932794949
5.2601464976759535
5.550270644281609
4.746887161776913
5.42333026655691
4.69559502094848
3.917397722357573
4.115316069577778
4.79576950078872
4.410993047664329
5.764907255035565
4.806258887679687
5.273634940879083
5.644757789891319
4.47231587030376
4.587916401004547
5.6999593367495125
4.7775201628298
4.786491457760741
5.6826975326144
7.060803955109533
3.9254486102859074
4.630724772578826
5.730523992515345
3.957737933645299
5.328680951283472
4.061284326309901
5.857200689585758
5.447633740754858
5.775269486236034
3.4617354556074984
6.087993848223412
6.106645212500185
4.363514391496733
5.198989704600402
5.608031210783744
6.59528628922728
6.708079773214839
4.988401554130188
7.186470685799248
6.227082768564657
4.693322545464902
5.371850672892182
5.543313726186412
5.934655767905001
5.237990450684232
5.03010345132194
4.674164996830676
5.088929709870179
4.544352468008383
5.944632008882994
5.420147430203229
5.397122362460822
4.294354599651136
6.084891163426623
4.188306689812855
5.589054534189442
4.350284286142186
6.686531875275674
3.0733084725745536
6.020055453086566
5.399089834397048
6.524342955187896
3.616191933956715
5.056957953940474
4.133509030115432
5.829077980988756
6.118263027291255
5.35125051571934
3.582555673955234
6.372621788451935
6.289184408949743
4.60546176822245
4.422072943710406
5.496942105353883
5.4745338267953585
4.960687608794749
6.460742077619568
5.62889636060421
6.5478670836711235
6.523050760532702
3.751941855631381
6.1896810378459755
6.269716476191226
3.612151406326821
4.223293811347867
4.8864814333939055
4.287401294919694
4.421280739359585
4.866339422679032
5.017285795264212
5.649375941884692
5.526582194318382
4.963433311848979
5.215877767834417
4.748957401386578
6.642599768222011
4.891394765755716
3.4984136059903825
4.009766891737437
2.3549371266732053
6.029942883039336
3.787078102932636
4.603715397854326
6.208296065509964
5.721280276275119
5.069180965885312
3.9027552399774805
6.282757606132861
5.786433527630249
5.0384763976712
4.883991418015777
3.7202125466123874
5.154376166412059
5.194476697831161
4.765550662638226
4.467896167299942
5.867887512922167
4.43439299819122
6.326898035745862
6.4972340245109645
3.620968010578841
7.064969409235225
5.535775360079757
3.705028938291501
5.093863534207099
4.716158361920872
6.616150331817019
5.50568147011132
5.15617135490086
3.8170825530625194
4.8990157185986805
3.616273745927162
5.500430892277114
4.297773474744828
4.777684261675028
6.402497750443176
6.259300823579743
6.077349667019613
6.597834461502477
3.996812816068733
2.830550781851163
3.652652949677221
4.488467176343497
5.830522659463584
6.001037885500362
4.892982877182471
4.249659348142609
5.104183236553328
4.89888502662147
4.785930644062356
3.8037580520508385
5.506569643802761
6.145103689634044
4.307849200683108
5.250192965553053
3.4615932548254165
5.3225401012608415
4.0061100636290465
5.044830512049294
4.235834313384431
5.834597387853613
6.562176276192657
4.33496063973949
3.5643528309673536
5.481221328086887
3.74222814139364
5.319611102233959
5.907244732238386
4.49939927944822
4.3903041396751386
5.13109599506237
6.038362104531977
4.325762291288912
4.938156329198859
5.059044735387838
6.561961913805857
6.244499816327126
3.214195350362813
4.84805593698642
4.321546771219654
5.368978753945951
4.331286153114781
5.922487159627535
5.3857432504738325
4.718618276862111
6.106736123822903
4.486157570293795
4.279046615684708
5.625143271796782
4.63355549483983
3.944823069651595
5.840119090487338
6.30375692163287
5.791053095556165
5.833298527292703
5.253226654867257
4.495219734344677
4.19241033027121
5.026054432495823
4.127983428246889
3.5359386171792577
4.747525683366305
5.4968562866464
5.592817142904022
5.239507983953678
5.595277398417572
4.276714811581544
6.501088785063281
6.501753683584921
4.573290099332441
5.93812179917518
5.060549553603267
5.49783677925034
5.88469790524567
5.299985483385891
4.720855020223569
5.532898654646171
5.4203050263054395
4.573492562201976
5.176565396598597
5.646712342553418
6.4036782945309465
3.3259799180739513
4.03814892018449
4.440699556962604
4.431793838250572
5.570476322298326
5.18163000208733
6.077563114538771
5.0865661879785
5.192967508288407
4.578584153875742
3.7933577642702296
5.51008311074404
5.043853170783541
5.208727028890792
6.685201558766927
6.611199894876843
4.201653769951444
4.24498568665057
5.396538493960449
3.6101624650024555
6.392928396360819
5.905464254042438
5.125739307468614
5.578917626697921
3.1575554634836154
5.975364863028605
3.5769883494760832
4.495092432971798
4.603914739690676
3.7141658202346877
5.90931360272862
5.118001899612802
5.627422977789729
5.81460955423759
6.035302168430947
5.770996908981741
4.554954196286885
4.6320689319276935
5.176309184686163
4.063794716189846
4.869591693535161
5.139597370782841
3.3212157298143232
3.1864861419801853
4.271431448047732
5.115602957651511
4.6294400284325805
5.867171328963489
4.342560010855136
4.728161382464987
5.804887148803918
3.640864219342338
4.112173967492736
6.03348672334917
5.761213599869119
3.47465423791522
3.803310065350373
5.9251222966285955
4.706499180014637
4.428683601392396
6.138742153194858
4.490887182273854
6.429896143074089
5.230360574207511
7.045434696121076
6.927700097027018
3.995612237583258
3.1294474537085066
5.813616425135416
4.441632227580654
5.187205089885974
5.497536435404777
4.478348359480325
5.382648062416397
4.096569612956871
5.090360351741005
5.945128080292706
5.925835683040335
4.94646705639946
3.636920210807671
4.7602552742091095
5.827336924654989
4.862545586186009
6.7121166477173855
4.485657860129168
5.285337008962609
4.474824855552848
4.753791636816351
5.657660130012227
5.660854256104207
5.985763676859961
5.0589308313636945
5.040799850729952
4.477984471390292
3.8402287449460486
5.103211577043391
5.341792120852804
4.590530688558568
4.2107391467444355
3.123335844725637
3.1445908254544688
6.222577213663422
4.515535384202747
7.480023939352262
6.048799606452109
4.969765562470359
7.140622269893328
3.5992314022910703
4.603173930599608
5.573677619701469
5.121036552527718
6.1519033166825245
5.9532927034593
6.4429766429326225
3.7512454544884557
6.194522782718773
4.255779838622617
5.2976057396343545
5.777531181809307
4.875930067620189
2.7544975138675984
4.391364112486319
4.321478327891812
3.5928224080298454
6.420759120777109
5.873315976637539
4.688197363180039
3.8670445428572906
4.901579824121866
7.4941606026280905
5.872881415028125
5.252205763188856
6.273617388364751
3.319527462548371
3.712289826596576
6.233392492647039
3.7314226822432692
4.1394286180661
3.4448010389109136
3.453414947256212
5.170945702937937
5.864220806398573
5.362145280427815
4.33646956118505
5.087294910113387
6.307849421295702
3.8852526795640268
4.792125852136328
5.168610253761619
4.326810375669441
4.236265202226492
5.161333313708337
3.766617577591588
5.271716890010973
3.8945926724516178
4.900567251334279
6.827772064996017
4.665845030625362
5.595714073736203
3.7239681555167614
5.601873084085496
4.34891381560964
3.6529155640767628
5.775072993916585
5.8944981844558155
5.288070179004353
5.267179979464902
4.706762637918837
5.6161686293041395
4.931237052317987
5.320695410793355
5.327116085866691
7.306965031407264
5.559652698611181
5.639816469214502
4.743369016499497
5.48740630467624
5.985668120428801
4.939161200774997
3.812878853389802
6.515722724592189
3.512529569793898
4.031494523000133
5.36875836569874
6.652602248889798
2.1697281669599304
5.512091231575202
3.839022857589046
5.489853449712738
2.693229903010015
4.5815480305412235
6.083562320950219
5.442507739617931
5.34766297220181
6.592464866289388
3.617929193166016
5.967472626360772
6.281684388747107
3.5717685758065523
2.9142674949121243
4.441002576529589
5.759702138948163
4.34009926067994
4.624004251860891
4.157319752137437
3.9043666820538023
5.296077638825785
7.621614618665615
7.649202309099638
3.5522528753375893
5.009045357086792
5.02446202711607
4.417012317876447
4.36045138193658
2.3269641765784623
5.316569741456809
3.874306001261762
6.211346907279423
3.598050357907641
3.408730283055585
5.6348452298699
4.059049361283957
6.1915215319667505
4.264926954786806
6.3907571970666295
3.485290376424581
4.47717333337982
4.290479763029623
5.614023343782984
4.075624361651947
5.447180826264259
4.004319889059401
4.759200150484679
4.282786370882013
5.174871801571573
6.154877285559755
5.276373110951446
3.996981575762168
7.000353044219845
4.770342054828851
3.7149412907115282
3.7840493657650507
5.706329953697384
6.640852898046437
3.9284959445440792
4.010695061103452
5.388830067907505
5.711837819545567
4.571786947633622
3.660608845885008
5.394177829704813
3.746185261273672
4.370774762180436
5.439243361198628
5.85827582963029
4.69906724279059
3.0698402466494414
4.115034784052567
4.738341149637307
4.883764039455246
4.742548773045906
5.676497701757176
4.683039446414453
5.8323198879917415
4.43767049976295
4.828600818979433
5.1268680159127396
5.682612830527569
4.503050176093171
4.793256063966261
4.781926042075866
4.45056461685038
5.023217866547237
5.224596712077441
4.781005102044984
6.412663370059171
2.433008247470336
5.638258020066212
4.263114060220626
6.530262793641937
4.962422932639394
4.871588718694879
4.015987135367171
4.996533848257846
4.291666866193347
4.423528956883493
4.76862218408504
4.787863679393379
5.889165530506484
2.9094056400331656
6.335175419663333
3.864653170428537
7.036763630813527
2.851868651460564
6.797786861924412
6.378573768812321
5.4500728814455055
4.455981100159277
6.444315201815638
4.786827720188183
3.84911124079631
6.1271607052274675
3.5593892606274884
5.147771174499353
7.251566471002981
6.336118682011209
6.341898204832673
5.766452612999066
6.2181351252530055
3.903062320629465
6.681918431919193
5.089606226898105
4.758517389722319
6.052673646928295
3.3289445542852447
4.041234037275492
6.685774388773927
6.794158373692278
5.528555081006484
6.386389073321442
5.51399391351936
5.513429001124007
5.776248308467187
5.244986635716755
4.178199915571536
7.228251960313766
6.557904716945531
5.167328478504236
6.286685695823822
5.50253379712021
6.575079218209012
4.251694531592153
5.047602975492305
5.275917602903914
5.218969974711592
4.101683309682969
4.341443251137415
5.2871635658837475
4.622459890578602
3.682099829968545
5.343433616853122
5.422151859108301
5.466669080081433
5.616171805654298
3.2689488061368843
4.965447126865298
4.686636975592995
3.402142769722625
5.7075661168373255
3.856306304520867
3.924003582489225
3.309733071989202
4.635181098241228
4.648678541119379
4.904216140264728
6.593473910406234
5.382568056529841
3.7470768349565153
4.464062816930201
5.4773559749786545
4.826632763392207
4.300769485127503
4.772162953955187
4.214589920633294
4.701101442509726
5.1066430180729885
7.077388483979642
6.1236892549433035
4.369810034226653
4.049659300568581
5.560284901421709
4.47956960725469
6.607657420888986
5.219025269036722
3.7586988203995504
5.333980864197281
7.267892422869447
4.693910724549566
5.439490359337968
7.685289540024168
4.772533441760255
6.335074595215095
5.375959152239398
5.8015316847617715
4.020711326699849
4.857508832974455
4.4428900180127915
4.642931112787937
5.707232631194285
5.03150720467861
5.606623548970567
4.677689905576188
5.430628049062169
5.5622075795675086
4.707405573921939
6.341744827658692
5.143171354819231
4.875603645438846
4.286123556529629
3.911990997479466
4.983983179341258
4.865363448418476
5.557457584054212
4.6031937358531865
5.386711727035526
5.000404847301306
4.27010360212897
3.135149575037317
4.303564005018019
3.172635374912353
4.928089366873792
5.614895841849357
5.366222575265178
3.049024439852718
5.6527717773638395
5.627818378827114
4.525764537909783
6.003731058488512
4.093791751453535
5.377988015280855
4.725014802143407
6.011651697274764
5.987351834871935
7.015314829702359
5.4445645923888595
5.371800546820564
5.680253513356971
4.349162749253256
4.590072996740022
5.579690873632747
4.067854085405672
5.628239789125229
4.203843233442155
4.980035729871313
4.745006106115902
3.859824229811211
3.4639850899365134
4.902974921610183
6.324284396833505
6.179381142246766
5.233925740550884
6.4173227869405665
4.833985510619124
5.619433739188246
5.27321555847403
5.880426162652747
5.253099078564908
5.220095983824162
4.014506094996463
5.447398702045556
3.9804759232920413
5.507380565562879
5.3380726818235775
3.924707582549015
5.118367128082054
6.898389325823752
5.010890697742918
7.1386242712148675
4.94939442361748
6.067610529669504
5.070999923496923
6.9862983774084055
5.687582200265593
5.452235189947473
4.643479278789831
5.982421892236437
4.975444819359473
6.266750119111476
4.083550073678131
5.863093364178142
4.456219725214566
4.897299547842569
4.565843738412504
6.323066225020257
6.178517587688926
6.448411782252945
5.656891149627701
4.9164346663902725
5.103554232608031
4.4742832778336155
3.3962865135888682
3.435010147694065
6.0810758832116605
5.506882070676694
2.9677477836365127
3.8348200597649815
4.650848810337287
6.783529959380479
3.982657756517843
5.077969768249296
4.6397503392823625
5.0079408751573435
5.192333573279826
4.982383813770889
4.294463589191826
4.754176962202768
4.801315059791888
3.300475529641767
3.7798358605677116
3.5430663366861337
6.107886056368338
5.444807152845376
6.0582653262962705
5.5236897388325765
5.536177345078797
5.479210090293818
5.115776762273213
5.911177712134167
5.168182760050563
4.448105338400172
4.446099820212759
5.638897422884648
5.164363230559021
6.412389441494666
2.501008321690551
4.782616149058749
6.027884793572438
3.0484915505968155
4.963914429872485
5.540638084208216
4.924217722644754
3.492933382000607
5.673789279459331
6.959273887360785
4.433288107768681
4.520566035238721
4.467914957863532
5.678515729290007
4.204329407906532
4.929855968700236
3.256448876715866
5.2048570354841965
4.040433969410647
3.158493055443094
4.71194939020056
5.430925205737773
3.538122103764219
6.163003188350722
3.9907518686857744
4.406547041650791
6.041780964800938
4.609933723027879
4.151816188200717
3.630622363960375
4.455169095865491
5.628657675628318
2.912869835078037
3.7655582428023338
4.816591300814383
5.07658993193426
3.883531759957949
2.192029546660687
6.52637073385676
5.184898362182787
4.68712125202204
5.308969220564346
5.358098586673721
4.813552758001404
4.7143770350720855
6.864240290989518
5.1263649189449225
5.022610025738279
4.279238934745989
3.744336223542181
4.22171825344006
4.485837625295172
5.787968209879172
5.176676262289334
4.509207422209864
5.037913384920541
3.7174852005329777
5.14119590668818
4.521405267022734
4.233464180828682
4.20389984635131
3.8023563821858675
4.674884179843951
4.956181552504363
4.773254479197213
5.774763191867786
5.751464845357274
7.340201553981626
4.226576556189336
5.6882965834652435
5.988934826329658
5.528097324951059
5.109685435597056
5.036952986755579
5.0551537802424615
4.151018741030711
4.748408637777107
5.910115024540951
5.936576800062854
5.313529162345435
6.779909918563556
5.276894055751194
5.678445713357758
5.296297588297646
5.108688859153426
5.748481934372326
5.633165752916892
5.736879160870137
5.653683180758734
4.552930718792541
6.057044271811572
7.004969896372967
4.486849869696561
4.864863038051628
3.8529072307662964
4.924505313991852
5.0795377598334115
5.286349697325144
6.33635864872026
4.938160995990027
4.787865002148292
3.4310075086745826
5.915070908419901
5.133130452628097
4.778447471266005
3.6719206587293103
6.095749303171444
3.3224761468739983
6.03637485866945
5.644582101060092
5.004730679063114
4.4131971015811375
6.022005197949737
6.1059875721666055
5.266275769713878
5.2460077365396005
4.82473607161584
5.424265115565598
4.345076050423367
5.813858385421009
4.670755640678189
5.268099562724802
3.4244498327569857
4.011688253341934
4.307323838662141
4.738496508111782
6.566451806732869
6.0788962934339725
4.345271225520542
5.426636725112757
4.84074810193177
6.420869608733085
5.504302793994212
5.064383147259696
5.278295517941288
6.830654506324384
4.84895862259606
3.9198269726340387
4.499723537908204
5.0495453197706235
5.170099029611352
4.526569493989777
4.284301221442913
5.168532212431524
5.226197455884252
6.530661366091726
3.182784980242879
6.590322951240315
3.13108524912512
4.410047997101726
5.622532583025329
4.896243231112901
6.136424087411848
5.347950680636607
4.578783157368231
4.638697462318717
5.203335649763831
5.800883236694872
4.503277717258337
5.757735534552724
4.8242486990194235
4.534617770981084
4.982675280594113
5.483559715360987
5.985033036829902
4.898593245859685
5.324238971019215
4.551730913129117
4.698753469593779
3.273228423465853
4.459185075861841
4.06095006846224
5.2945026466006855
5.393760835502486
3.3800175079839776
3.977980867592275
5.037705015307266
5.8827895189338575
5.460677638056752
5.244851560762288
5.094887467192867
7.317694670478957
5.478626379374116
4.111372944282323
5.324023183040131
5.944312060816362
5.69105524969327
5.8407091646862215
5.214949332139187
5.3740759901551325
4.875610076969529
5.800477581796062
4.509389394239452
4.973187114227805
4.049966022119217
5.477243788654274
2.1043207016648346
4.808446641177308
4.1664228081304415
5.399501490231831
4.918642721820048
6.500123209888069
5.392006590190162
3.7597066810319633
5.197407297507522
4.734027966001738
3.59129591994974
4.255177852218723
5.030547463268903
3.883197688978116
2.0917854701276846
5.075411541112617
4.392898438002447
3.8625311491818772
7.224372111609613
6.662449803918395
3.6176798634935823
6.137739529814627
5.108617166349562
5.145805021269834
3.670960567585084
4.442738511717435
4.6734282283163076
4.783520203131269
6.297032339555562
3.971656528720625
6.775490946709853
5.431545344552953
5.009833120540911
5.9948029449550315
5.900949063737604
4.542863348991549
4.310630406783863
5.172496169094828
6.630313744152902
3.0760681655026545
3.9327318265460343
5.415325534627898
5.299217272342327
6.019582320171876
6.110622582338504
5.206254614715882
4.40208103554369
5.807121447767884
5.376244181420036
5.211707671026588
5.934921843351623
6.117734308827863
4.811115084634817
4.5531552504160056
4.933337411118316
4.269497765891056
4.939951872950612
5.65048662617686
4.446378765755353
5.095852622872323
5.535388784752799
5.214044709410146
5.182168982010215
3.116276145485654
4.828079235746555
3.8138828447124986
4.909153535897788
2.646369162069641
4.4528852173663
5.5159469529543665
2.7654704318929815
4.4737392999023395
4.871547354682148
6.856298446763584
5.137584622500914
6.31350229458666
5.006582110010238
5.92100847832943
4.175206817120064
6.264984848003528
4.158907106665199
4.424168160606053
6.3507691694232244
3.5541924704545558
6.021679092374245
5.148723167730308
7.710156753056589
5.8529324978689825
4.914428692319104
3.906286942678811
5.991845209231538
5.161969342604438
3.8192370291235895
5.179673255599752
5.121028218859883
3.654217534792687
4.924174560584844
3.520185427749001
3.5604994339217955
5.380620597710289
6.220670837722411
5.960512979980699
6.263522814313835
3.5062051671292465
5.963578299934702
4.46252202143792
5.535547535844524
4.354557337084331
3.9435679871834104
6.379158310367351
4.762130626436795
5.05823919679098
5.443247145195505
6.167849818634144
4.540584582975798
4.267945151597033
3.5492292142827386
4.700997066641685
5.352535232121286
4.540531052140937
5.241460764837678
5.1197161603702925
5.187703286964153
4.860201832047021
5.1512479311061785
4.454494951805826
4.131923863976274
5.077535998895986
5.2680429533758355
5.704133888226209
5.001677885109354
4.744194919056694
5.2958202904296074
4.668571630001332
5.742826049433947
4.884292900423274
3.830148757694347
5.732102128014209
6.056660790797773
5.3732223832218065
6.180314156873384
4.676208147773267
4.9759130553124145
5.762427180032295
5.0311677278357365
4.869925495223486
3.870600982478829
5.337741883921877
5.184633434757182
5.885813071654322
5.696856015469093
5.165027194511792
4.278619722172542
5.800796058004309
5.370225114769747
4.072515677736847
5.35376124192628
4.058525862065546
4.517930737526725
5.624476231549019
4.225826366991468
4.896912782764337
2.4762182827729022
3.4022240076968133
3.97194626865974
4.477503657923189
5.028729094985961
6.5467962156419235
4.770983154791893
5.838682192611251
5.685281896449167
3.876681985779137
4.542888362418136
4.9590381634778575
6.27079914916991
5.889486012255472
5.401449872413812
6.913940100473978
5.97850598173992
5.0333159827097145
4.348593337397955
4.883449047988128
3.0710780729239135
5.345513604075879
5.869312047274091
5.862109772379618
5.898636365445202
5.492990806133069
7.018332181052645
4.639711330343871
6.209920678799291
4.426787622382475
5.744442826832092
5.905527073832893
5.735592503079765
5.817099140697599
3.1064367508118065
5.006825907354933
4.389530442993676
4.908622903475197
5.340350157271355
3.915508467187376
4.185597036292658
3.156063641337373
2.788792896980292
5.7235709323860435
4.49131171905132
6.101155092726467
4.422913805409352
4.818618628568157
4.701544829024013
4.853377195690761
4.11436280163769
2.6099214809599087
4.285441911497166
5.132201955068461
6.385845963414082
4.534995039610355
5.477580091050275
4.894135951521016
5.723720495261763
5.366998972388769
4.532750087744179
5.754561244411405
4.666426351796018
3.4369976809330955
3.5315877931895683
5.101696819305023
5.012172470688136
5.89274735839858
3.507130842053639
2.9028349407606897
3.3728931174658703
4.6818274695354445
3.7655572772615735
3.106327241256278
6.193981429023187
4.881723722146414
5.519108806256628
5.085624801169589
6.331753702761869
6.386120426050918
6.029531143777144
5.190230883914625
4.500209149297817
5.30248181083996
4.434421079546979
4.348191948418065
5.505549736409721
3.7248853120088965
4.498642576755432
5.688267461217622
6.007984430727959
4.257847148317813
4.729405553871311
3.644883106254892
5.031315831251451
4.394216552349766
5.24140779293826
4.04118431959519
4.832616548367592
5.303299157907441
5.815546785220594
4.801131174221231
5.097111895416746
5.450494710439372
3.886428575237088
4.817966972680497
6.579441712428128
5.450305975781175
7.010921435326158
3.8707310517265134
5.221137473090638
3.6417355048451876
6.958924458782972
5.458748471652216
4.388843347686122
5.102297397484266
4.567035769941816
6.666136214622524
2.8997242613162433
6.305109900897282
5.108500332153027
6.886705380018782
6.116986090841012
3.772176762142029
5.202122529903099
7.121359932989337
3.6552329223253017
5.913717238741185
5.461278408224912
5.085649157924118
6.244887820529906
5.354510176168591
5.342049998123098
4.470361781044761
4.585910476624265
4.667614641274268
5.1233718225626195
6.6692643006866446
5.467149710471417
4.451325916618634
4.945603003827777
4.754442833614641
4.450164238691661
3.8784583888604915
5.776216331502653
5.726145287554312
5.540094057740489
5.204352909443797
5.6455567403227
5.531735046848576
3.50552331756001
4.375898996993116
3.545843863677353
5.597076897462621
4.305768798281091
5.608875178580074
5.640773464753956
3.730540823586
7.428525269876438
5.751368897687336
4.672957269775358
5.249856166745828
5.200624806583937
5.013860166502041
4.102016535383129
7.327527387039136
3.9388609000866857
4.5388946979263025
4.595500543130617
4.97672597098462
5.478590986000541
4.863122865807204
6.85069969739658
3.2077928450047763
4.772713142248408
4.012242785193202
4.413524284662718
2.418635337286351
3.5670406649563766
3.338195969814097
4.687698629475634
4.507498785569354
6.547488267411312
5.596192796237949
5.397387349862819
5.042449367053331
4.650433606996978
5.958240181652586
5.918286612482605
4.73424373143841
5.327178478075497
4.904537022233756
6.1438553429141765
4.543412113514856
5.527255084474118
3.771320177107256
2.8739317927093038
3.6322826227752465
3.7956362820354967
5.676667035219378
6.413093956960171
4.687058366416101
4.657921665230489
6.12921878569661
6.464159392643988
5.4308465361557285
5.548661093615598
4.48692492372273
5.175533972167467
5.167813527977018
5.002838861854422
4.047419575614384
5.221475561382688
6.149109506637103
5.96470469928637
3.2803194293409916
4.172971391959425
7.023448206587102
5.0787563430822456
4.455597756302114
4.832347859413076
2.5959253538491134
6.768838985072817
7.1607678660340515
4.942455744754232
3.9583912588896366
5.480850588714488
4.440960572260169
4.614659144116817
6.4359880697468315
6.678191949032945
4.025067693336018
4.9221512382156565
4.062385485263225
6.36245449534443
4.781968372492601
5.290508016947321
5.248206879626127
4.655996742018753
6.584103875812398
4.094553687988698
4.225636852433788
6.081952605787878
3.6795137912537954
5.023080848666897
5.945135607892876
4.225227454931227
4.6837460548315395
3.1219696080046497
5.011869055165027
5.391395283787885
6.13072887018609
5.1257086295185905
3.0255454779388167
5.955653694820146
5.057182176688856
5.50581281400103
3.4343001299126263
5.102951684153238
2.3877300164374238
6.78724719718622
5.34172800553239
4.721961952366631
4.208277133366875
5.691704901111402
4.463186869092108
4.446068202239834
5.942289705446087
5.671702650744603
4.8997956320022436
3.8330679205202443
4.802718656211859
4.5819587673444495
6.03684850331223
5.218328566492088
2.9232197505176702
4.647851336330224
4.4440186273591085
5.8871383609132675
4.071983617929755
5.763109436490316
5.438918075140007
4.7038889494792455
3.95333453012329
4.442254109354254
5.554770022114111
5.73856992012001
4.597490695499492
4.765923481683123
4.006680994731671
5.08615626437548
3.6150651817708557
5.5390390333396375
3.897401482151371
5.719621402969793
4.918343486495427
6.6998337297699635
4.806502003490223
5.4223817328860475
3.761961447676884
4.745898151861793
4.897492337829997
4.076988320959471
5.8206894806224
5.275137574329089
4.95345647540359
5.209660524181727
4.8062384160655744
4.450440251863065
4.958056942037626
6.401277033430287
5.5448690353966015
6.4811988076072735
4.258460616776197
5.710715017858088
6.517769078549875
6.832593169408055
3.8250955970435307
4.792783550821204
6.245631865667782
5.86832550165339
5.218484810092602
4.280598771106652
5.751175495581397
6.465729723826698
5.004090187929675
5.428733072308489
5.526454019748912
5.722363133944382
5.583654378487621
7.030170584351174
5.726406419632828
5.896233101086272
5.512980636160866
6.155620812707662
4.709878859383808
4.476226648005153
4.861612144501438
4.341693881486915
4.941882734256964
3.452231686341263
5.763901100934023
5.031614318091395
3.5383795973842083
7.99183572993645
3.6687360770376265
5.030159393622696
5.493968255399912
3.763266630091807
4.475089672053001
4.404409798171336
4.344067936813066
6.123948045964606
5.487304377901693
5.863889331426876
4.513343670121349
4.820580140678258
5.0394212813380985
6.3085264305450455
5.291976478484805
4.305908768016197
4.6705254861672945
3.87746354802925
3.9418865574099113
4.415660718510913
4.7277795565342755
6.153183367901976
4.823548798906256
6.294101198621155
4.428369239493486
3.366876207734434
3.6694218496112567
5.482868689566382
4.573738697045442
4.173167843895028
4.516771685415463
4.125549589604814
5.841596466893315
6.264909714984462
4.594871349609
5.159952777311974
4.901496974074463
4.866810252026161
4.4804983600042405
4.657967574983436
5.104233320557048
4.272464521570344
5.581018423151014
5.771181436584597
3.9925072018839303
3.0364611018488734
6.1157167616162695
4.979007195610783
4.754284954310655
5.481131041099678
5.382034545731632
4.941109675700865
5.227473681057279
5.184809098451318
3.216861668064118
4.871428900117648
4.860891895116162
5.427005027507144
6.008970969280693
4.7410196199796495
5.143981902297868
3.7665785702909895
3.144905324902445
3.948179366437851
3.357922703351785
4.222200862715705
5.155524946788895
3.6166617863263424
5.148100168247393
4.935461908296904
4.8294613523171295
3.518616536311557
5.486242908935425
4.977071755356483
3.9652624382820845
3.060151778451116
7.202421337754416
4.7620704294483165
5.551949232678457
5.199271212061056
5.393820837577602
3.7556395582075623
4.625400680778718
6.015786098277519
5.054496964736406
5.388105250217335
4.841087706500332
4.184004266745293
4.967456383917063
3.916386977858143
5.738382866388875
5.008240230742603
6.876214014197769
4.695939375545546
6.180239209404205
4.464394888778555
6.743655772771087
5.490812350180642
5.360574629427163
5.545677245815384
3.9012992760627574
4.5703452814383665
4.643116967609581
5.6449126598304264
5.139765864568814
3.558911479836623
5.539772196583489
4.149400144419356
5.694511845046152
4.759292013776074
4.437116353511804
4.002016689424204
5.204713460462832
4.749640878191461
6.366991416789612
5.166852459481834
4.509683516081514
4.712224047113982
5.157842055937637
4.4184148699465275
3.9997974762872075
6.223704466320713
4.751676005314785
7.6220327730186765
3.883492242863672
5.593016308811468
5.853766961447179
4.666636559035695
5.803203459568886
5.747737026228231
5.408471294860844
6.436850769497232
5.01847331653952
5.173021585018332
5.17552292256174
4.157885334356381
3.168571920507124
5.671379379756212
4.451727477528804
5.6155447350237395
4.9520148287735255
4.702687404686108
2.2388020381158316
4.8365552908482865
4.330117363691659
5.119126084952752
4.4199499944627565
5.600150085276736
5.702813773199631
5.175003474286802
3.284392871420979
4.312596179238802
4.988502149514194
4.744511661521516
4.783411020432973
5.6448373931879114
6.800966893327448
4.714712705666555
3.9701093061102144
6.2753817236526315
4.666182132916393
4.999286846029784
6.828896098776764
5.5724279838100506
5.639019706095858
3.6438839007504606
5.242032290942514
5.822438840843653
3.2199586744371373
5.461668078339064
3.266710354936078
4.940398701169121
3.6069993773840965
4.910707104952819
4.856954350766733
4.786144154490852
2.985873407488776
4.19910805252846
5.161324901931603
5.474966927917103
3.6191628324304106
5.016161282590099
3.6380635833530874
7.330547096553071
7.383392570291822
5.2869798708704225
5.215468427402371
5.782433182246554
4.551738057276036
3.9053141865134884
6.080247365824718
2.8324750696693033
4.975434579703328
5.049921231887573
5.6052644681627175
4.507663220884643
4.861897022885474
5.014407203234245
4.390752241344432
6.6103748356222
3.989851193431013
4.914889941639605
3.870445060410911
3.330411214670854
4.91976728001215
4.080497446424903
5.800848578491723
4.89150533113529
3.751962468205889
5.00211770646222
5.678471916554881
4.784367412657875
4.081763499477105
5.331775571549976
5.800084460436777
6.065044245753495
5.708065399175339
3.9889967456484627
5.51217588580996
2.9131697858136216
4.1872806382094385
5.608622820370458
4.2958890530582465
5.844663283691995
5.581299197414549
5.244002319715791
4.511209420581697
4.430632230202805
5.2952735671709785
5.44545450170703
5.56542912686831
6.8905519335247
5.139666979189856
5.664652250517368
3.7853598174393355
5.9760806644853774
4.1847639557172585
6.773800932818657
4.347488287255809
4.125617090181054
4.340791983458358
4.817047442944434
5.1413431405164784
5.496830944301431
4.695108197126795
6.314698164701969
4.203376094363536
6.733792054469644
5.127552763483696
4.461973119770883
5.414160973582469
5.18904743780651
5.770325549805415
5.258896241942348
3.608773441248045
4.961719874616024
4.557020039027746
5.104426171175609
6.219829107957134
5.031152887612915
4.093172305060159
4.99184664366099
5.786137476790035
6.391371722464412
4.743289111965718
4.188645098468479
4.385173136735461
4.257050847955844
5.0752975298866
4.8566233339971285
4.6862969721952705
5.371761808322445
3.9441630513055927
4.7175856228448065
5.673460819984913
4.523408780563334
4.577432114127911
4.834258633139958
6.92150814120929
3.472009841506231
4.472663683709855
5.283605352403099
5.520613105742818
5.629904032454512
4.15710976842495
3.6329974479094425
6.014875447869139
4.586566614146207
5.379478872968686
3.613553699638645
5.434403525550692
1.7028366207957362
3.7430214866333396
4.378057735202063
4.189073308704856
5.8763186314510065
6.523713049185313
4.829017326763806
3.6492785955192204
3.8314938113858013
4.511099154592705
7.245761401104777
3.7247151029527266
5.989387886852351
3.954552988729924
4.477063270826365
6.14514271143909
5.226875953457225
5.165461166432715
6.418836061432541
5.114375080989097
5.446909716157344
5.002041310310522
5.601398921504078
5.412938480849285
3.5487829919320566
6.19371087468676
4.115777930165299
3.7008845981631753
5.199387819219289
4.976854202048265
4.6564422673909105
4.122909173529352
6.34999510074236
6.38067406212513
4.824382676340652
3.6139490011082116
5.352275279520555
5.497555138746842
5.57947857913099
5.258650356002398
4.1919917991251845
5.021128700401245
4.057789760431359
4.5366067103721734
5.549660528468711
7.024413703816094
4.168624960798374
6.826694473909498
5.142782323694742
3.273639494468809
5.0305122244943465
4.087604151010958
3.786729496041373
5.991982128961025
5.926589297935484
6.342531616368509
4.984437700578571
5.170604923313689
3.6528001949281945
5.139353677806438
6.111130814196505
3.4414928271697334
4.213122202963138
5.35278627146564
5.519378271522781
7.0388308843640415
4.326875169362536
5.085165145427469
4.538431528180192
5.0787235971392395
4.322012624174586
6.81987221771058
3.0865322884296225
5.963710453898427
5.252858242568692
4.216133167384714
6.468873169258775
3.736701015730529
5.478237218711177
5.5412417446984845
4.941923260515736
5.379723963165755
5.65177980641324
6.329297771806888
6.086234744160595
6.889191924661458
6.6868028787381935
3.6125353555661883
4.383420932997134
5.232996838730263
3.1919564007608576
5.750777514633135
4.408895404463223
4.904637409668623
6.366381886540187
4.116509490091813
5.039256711446251
5.232314143972827
4.319438633834849
4.562614745403755
4.497654587104398
5.113504056448489
5.649693154089977
5.557881316565227
5.026408848369564
4.736521732073687
3.6190860766556816
7.001802186472287
5.342894132718079
1.6380991577652821
5.08560077567826
7.164097641743079
4.787672488400704
5.100533709013321
6.688654999957504
5.24696807244304
2.537966262708747
4.530808547391067
5.274172781182618
5.352634875769674
4.653866895686582
7.350323000810801
3.1543172530070906
3.5792102476263694
4.518094001483587
5.594007367287
6.560724102147402
5.343779357477329
4.560715645294801
5.80466647497187
4.925323347620787
5.94342719376306
3.5426820393620333
6.090565743531156
5.310555480173727
4.610979267015639
5.822840618778956
6.0746802734213405
5.539092201933471
4.853617581804068
3.39059909656372
6.30606969679314
5.623814028710724
4.424564518084186
4.0924493226237555
4.6576373799029
4.1533742593771334
5.635610763386177
6.572737932105214
4.0032096707240745
4.566264295392997
6.2197833689520365
6.9438667998003165
6.042875089065289
5.328404936273556
3.1727595362950236
5.0765642556303945
4.869754613711973
3.696661861238568
4.961289904297343
5.54502140809458
3.5363755291736774
3.9899311784360547
5.595928576487557
6.456478962897475
5.197411806779405
5.703842683475836
3.3862506535822114
4.398252363819855
4.092325860784364
3.3855151419520135
6.110682847118676
5.984840924073017
5.294576152975607
3.6685902934144985
5.090835020820918
4.500572566410474
5.768713513488865
5.09104688086675
4.892599351773326
2.888791631215782
5.195293714875874
4.146262416632957
3.9903151413901354
6.263229520290748
6.0829065154827076
6.336225582623635
5.108254800947302
4.094594804354968
3.2335330776361495
5.701572791786542
3.8919053151912606
4.054353273096982
4.687550294373601
3.524296173770792
5.462976419060736
6.1314242528538125
5.487253865837597
5.816294726344962
4.970811223073836
5.475429389372186
4.678736739220739
4.705584734541971
4.709880057528745
6.627346994448958
4.709077912870335
4.8425895479118495
5.517110233760997
4.843335964304211
5.388201244605861
4.694460379231766
5.608951649962593
5.270979202632873
5.536981117859523
5.201009412862455
3.9445635140189395
4.98761931876066
5.424301048299175
5.359049306517113
4.519303996983811
4.5984590057515025
6.729630714819615
4.764929877532181
6.500073140611863
6.399078475118128
6.0373849176549
5.422723428276084
6.110267021394705
4.451352805534948
4.762792578712775
5.290367565642779
5.928515715312614
6.032602171671231
4.600954829784881
5.545273078109354
5.433642096141936
4.760607512632382
4.306141746393395
5.110224127038261
4.828081292723149
5.141122563504489
6.05533649932537
4.679985933559367
5.603740157489395
4.038480349358028
4.905974657929924
4.093638628185607
6.00882032121217
4.782545364418053
4.625802791520714
4.529826841014256
6.2945353240507735
4.042441022044612
4.156899979517578
6.830482995432895
5.518882585646184
5.13618380063182
5.721648853462314
5.2414897190872
4.948765405573934
4.461755513325017
4.181448821950622
6.6834217244788645
6.403396605832631
4.8967078835293005
3.4013223775136145
5.816165327905597
5.860063046827482
4.024562251341147
3.536522767235482
5.835936548624167
4.477211889598754
4.484389715763571
3.7655170650924994
6.461122207349317
5.040209762761099
4.7886866953031255
6.278613083540187
2.968980253241122
5.261867937551271
4.630112172519185
4.271394848477952
4.501702401686943
5.546849624222292
3.54155792384053
5.323701119397196
6.175215195995498
6.523847012969176
5.076460650993021
4.091597803984725
4.630663298208775
5.896341957389154
4.514391521627724
4.693096359415135
4.427041676473137
5.099080041407552
6.69387789058848
5.361855442530958
5.332770200380138
2.930083575724856
5.158224611589663
6.588783163543435
5.352406354723684
3.6591344117113693
3.900085110611401
6.363086841732178
6.380643006169189
4.68367430651854
5.058410546066434
4.202782351891846
4.139848987387474
5.2543731998293906
5.721355521588894
4.1839641286848686
5.154494148878192
3.9771790276044414
5.755894826155102
5.034903683863974
5.659780365280658
4.393898057004533
4.319076617348147
6.194593561713002
5.08258423438125
5.341728807045918
5.5405942574462115
4.909080416996504
6.445159154403723
4.665624258855967
6.146538505871552
5.44225460751081
5.774694281364843
5.113363917993966
4.960169636821183
4.694757107677079
5.409979996886426
4.708871670202244
5.749865130036799
4.5843208562768565
5.445242244074865
3.3438512729935455
4.859914971741377
5.351895547490396
3.5390699951959816
3.6991205859792347
3.9320728549371564
6.6763469123120585
5.411970646691379
3.9597726197656113
4.444589301503761
3.8715482967561328
4.891092759662092
5.765629496927209
5.840722771093093
3.3655057894213423
5.632813622416949
4.539650815460169
5.4993744081522475
4.916158428141005
5.043313818793715
3.893499668340575
6.4002585053885195
6.247401925822093
4.525789654441544
5.184719951371797
3.3882526993138526
3.2537663639153687
4.364043739393893
5.222280787064185
4.19569902112738
5.195628629554671
5.302378286564755
4.917728476244514
4.621404820896331
4.076653920557076
6.620021973236035
5.591147063924307
4.3755715416272825
3.999797762084421
3.169134196727345
4.3274810747737815
3.0409547067004494
6.448342027285347
3.7760634699875673
4.075487847304301
5.681584735632893
5.099474061903413
4.6844149382961024
5.913964259648365
4.267409941982002
6.2534360870721715
4.675831673103435
4.265975566300251
5.599744994095206
4.069627642961854
3.935252002414425
3.774231210095114
5.864899975063077
3.439498955139549
5.515187645608033
5.055414919793722
4.612051006409868
5.373590089469863
6.071329064838323
5.763334072128221
6.483142530619863
5.0430999570934345
5.782273598342914
5.4213744250006455
4.252537493432072
4.590070793814412
5.318392626837955
4.129947433040923
5.235257873896552
4.178483706283267
4.203378929458192
4.827914492789854
4.2336828970032965
3.645025477254417
3.124165534900807
3.6777973845830223
4.967230041869652
6.058301840926869
5.219173580083812
4.759119465300284
5.693141265838447
4.677326670276358
4.4028736581967625
6.414542573161209
5.972690522982978
4.0337420124053125
5.44613064130624
3.2759733208896646
3.9552686679333418
5.049489101777322
5.6095645045599
5.759888362598028
5.91982491388769
4.652126852644008
4.95800902029796
2.3878275383581706
6.774391160980116
4.044152667207828
3.866003539999886
4.894789853568028
4.023079019521839
6.415942919220217
6.173462458414863
5.902617628172362
5.3662454881505415
4.967512758473451
5.634089397223219
6.666575253629867
5.188172889363041
5.058281333713489
3.94278596206751
3.860285307678422
3.29815439534055
5.034715702853214
5.023150817476859
4.152455828891346
4.629862147725752
4.702226047114893
5.958819113921715
4.599635217930638
3.8808156893997947
5.204024947357059
4.8246211248192905
3.6261288331375
4.487269135670852
4.464207036791317
4.95586546910423
4.9372644361903895
5.330012850759127
4.607061791734351
5.183645861554446
5.552105502214534
5.339589842863981
4.421682707303955
7.247537044030284
3.396985284368475
3.9096974919206624
4.076426837118225
5.0413130166168445
4.177369899716126
4.6213744636079515
5.309521234085345
4.993855676117365
5.482544039187731
6.0555498441538305
5.529902152003547
5.211651373306078
2.6215557385700285
5.209934175485419
4.112940385760519
4.816988094853072
3.9598756416249876
4.196704700095895
4.729497059274962
5.857897239839518
6.869993086438164
5.3831775736876395
6.4154030826291715
4.105590087506426
4.728391284880674
5.133372900817321
4.856588973063912
6.04331463380682
5.811674453682409
3.544993355252923
5.143944326457523
6.217869084663247
5.217293266384228
3.936641904796633
4.190325703002345
3.7490400196663978
5.516280326755243
4.721957289229518
3.9739328965430247
3.70983467072855
5.231588620384859
5.38308727634927
5.8613040173881386
4.228463807033391
5.876702626466551
4.279006664211522
5.683889294707101
5.285848100103843
4.3668797424295365
5.964421737112557
4.897891976537477
6.168133942493552
6.285108503848382
5.949554642288593
6.264117043297094
5.709902501879217
5.073350241634486
5.672824361339011
3.6646033821073147
5.337584790799034
5.879013510288978
6.574887154368362
6.004710476108786
5.628011417647935
4.876162839072487
5.474425560971374
5.281523554438126
5.799919121324776
3.584448493130634
3.5651962075978525
5.394114244914678
6.078378533591694
4.484687978533519
5.5258544996915635
5.729295899431143
5.765083046432045
5.2946828944429525
4.373448067129482
5.421444766167007
6.068030145112914
3.3398384387337265
4.577577985320052
7.158995838813058
5.374202931763036
4.07400731212709
6.2112945244749564
4.757929041262507
5.515791548562642
3.9618447046460226
3.702416476323365
5.290865359948895
6.788515115125856
4.940133259537712
7.161856648251184
4.432267686371681
4.809915704337272
6.220436144953739
6.113507459123958
5.877439920949955
4.668755292464925
4.2916377124044445
5.1254465275412615
6.536670840898706
6.823218366090646
4.148058786120556
4.3650494837177725
6.074016495087029
5.560229882644942
3.3733827858371734
5.728037689967802
4.25932097991279
5.301334803760246
4.816075372012767
6.195262823937656
6.805326742791874
4.845369553680955
6.158951253051738
5.224457828021121
4.111830851211049
4.493835107174704
5.166918788522312
4.371200909271714
5.727202890846685
5.233170389532517
3.669834127859718
4.73145840398062
4.974053313819974
4.244758067987058
4.376845003550285
5.781769057884989
4.813850037530484
4.076527948818586
3.216613926908117
4.987488406926631
5.087775718564389
4.816899277153988
5.60091207006526
4.489085726893684
4.623136201915586
3.946956251529973
4.534278818373677
5.201333811848494
5.747092731629541
7.130970068658027
6.226483348252559
5.644426001636746
6.531209362858164
4.9716651321634
5.894196523508709
5.278972231088021
5.403957261685226
4.9291416395000605
5.684989898037671
4.155279088649502
5.622774704730313
5.183201983223759
7.776764324892383
4.663692953949299
5.8071615869956235
2.330950601870854
4.022966204216779
5.774434710549378
4.461025979203852
5.752615340573496
4.3346533578229955
4.183335366885767
5.566465840169887
4.1544576574762715
5.53427312589969
5.417471361805535
4.699071894648044
5.392063383812472
6.112629991169743
5.895187579763012
4.877276542883036
4.814265259357017
4.4427193627756445
4.684330585918753
4.442326408973639
3.615361885787858
4.19920122400192
5.670107790428977
5.368572934087562
4.85680371279345
4.583021783750946
4.4215876871812085
4.492126534762744
4.055374006551919
4.471650797553161
7.487225369983197
6.3876173189622865
6.123736116185063
5.707781874447139
4.410804767624979
6.07444560536913
5.032958566460736
7.1477264267718486
6.768864862497966
6.1858043063913
6.236924038061189
4.645462572819863
4.257325462851053
4.689913561550942
3.871183138722948
2.7642048158377954
5.110622928886004
5.500324945039465
4.4767694585994064
5.1944625278691525
7.015558016393124
4.452012621816816
5.60673510486301
4.571927816582258
4.101005623980923
4.914582698951709
3.6331348068629223
4.7392338201835225
5.334577505662138
5.263233911595914
4.946789826830774
5.76477946542728
5.710670992746506
4.762627993325505
7.662035307754598
5.504615083049012
4.178346344407869
5.099277018795599
4.527582883830432
4.866628471083623
4.529984136279602
5.839888617072541
4.3944150270571996
4.846047915539701
4.206398893187854
4.443133731189354
5.227593350807976
6.054035683863232
4.399900245945784
4.913583599353642
5.573967483327284
4.530244221651101
2.8996776970760227
5.306055895661195
4.625488567237612
5.889534508694915
5.15976088290193
5.641090736980537
4.525392804069169
5.813795860299893
3.9289622569463996
5.126517632110714
6.054303458568603
6.376354575170221
4.550305398736891
3.3157122253889346
4.475508741302985
4.4886429220228985
4.691883441220651
5.699021001152611
4.646830598048579
5.073628210900692
5.679576062804521
5.122226512926696
4.606575206506546
5.844489171170142
5.274350277761775
4.758422262664032
6.725076419789341
4.8962980098193025
5.937701088912107
5.852647678678404
5.148820494991929
5.538537083481749
5.5848224270718045
7.1281057617694925
6.164137928750803
5.808085445596886
4.690581216436895
4.612160666134463
5.188900765322179
4.799172373744566
5.267557656580673
4.327309562578573
3.9434573519133687
4.6319348650941805
4.64433349546524
4.548601480727908
3.063804785601504
5.613189296869043
5.355236504217875
2.773268579835927
6.344546898389747
4.847435687716887
5.842174367055021
5.513162003273048
6.644137803152326
4.3640294010460146
4.717751536969425
4.334797610391868
6.003992504905105
4.6685350101874485
4.4362400906530155
5.8760962852189635
3.955643594882349
4.15665138272375
4.658121346477951
6.0774820718989275
3.024597553542369
5.13198317376372
4.729606620512294
4.870110943110763
5.7545419326956475
6.03754794628494
4.8263127817166485
4.7798720861439765
5.849520704102292
4.493259359801244
5.232714500813225
4.9673902207474185
5.0725652897503055
4.037520164379176
5.9752210140239645
3.5193514030515467
5.03598797759322
4.28209163814549
4.743790264806206
5.412609664961105
4.153283799226271
4.875501682351026
6.3511627473354935
6.066797271725868
4.842401143365405
4.824918098907697
5.461628096162456
4.406415504396992
5.4063159133851135
5.6503804853529624
5.445334013514595
3.5305349370445556
4.903105177022475
5.5837246926212325
2.9073391840082357
3.9853009069578946
4.233296483087772
4.9288654626773
4.306966536698832
4.070882503891703
4.0793847298976225
3.2426963420606696
3.597796278258908
5.535143515155882
4.355629610467392
4.5869057101556026
4.903025151347075
4.60093152183587
6.3139609893510755
4.63330862956691
5.1352007195677505
5.3859789028027425
4.857469303354852
5.423689365137124
4.585062468637881
4.56176879019432
4.897979801853064
5.638946693445853
4.936812620465266
4.078866152067153
5.960373866018809
6.384178366073309
5.8933371224195
5.140303415402688
5.231279503127937
7.372586107895849
5.142179820145827
5.220589229989967
3.793670905411325
4.9781012556533435
3.852044420363575
4.604810034542568
6.555001831714248
4.949104002342851
5.743912400317123
5.797723420830333
5.059881695028106
5.159817550037298
5.25079166415507
3.984653741810726
4.925662313805007
3.344535440330224
3.567755064295953
5.240265426592235
3.5758538426090745
6.3877837370867825
5.680316879672446
4.610338139508603
3.6607523213999564
2.9738354661013857
5.425866174115994
4.30804688257083
5.932767716594458
6.08668287029217
6.360973063491852
5.182268807903486
5.433464306799783
4.3192415273649996
4.3660543407905
3.380685626240455
3.8365774141219324
3.623654167376504
5.1505058286309815
6.632412124435635
3.2262432291480723
3.288925895455404
5.299842809358983
5.391187346465147
4.100025690089547
4.208460489233638
4.547912048826387
4.3975888873212945
5.1932972045066945
3.0626589838838063
4.31134495652878
6.6700621987646596
3.367502736942832
3.105054590222691
5.6195420135717065
5.675772237182087
5.751905150181785
5.436768107958402
4.9512180560304895
5.52352941506223
4.399459661882554
6.259144912528321
6.588755621769157
4.513572862965979
3.1186437374759737
4.68085575142713
4.97103177089262
6.077835290955543
5.808948076354263
5.301141518563757
7.169411012880121
5.058269622165023
4.339968071536662
4.859022075889198
4.196162512988165
4.276806602126017
4.973146826058331
5.551422192306364
5.574275305176817
4.827928084853807
4.091380393003332
3.2684062294409584
5.759634759800171
5.258850249428198
5.52761202522214
6.1095029295166885
6.197606220812908
4.71465478092806
4.203736834954371
5.404289812313958
5.299462433940441
4.968239301131858
6.311628153700324
4.532627175788061
4.040385346671461
5.357545874734236
4.703469098823609
5.936608512200793
2.9344457710334
5.343525287205589
5.665607402936137
6.887853624444344
4.507566582260023
5.0923534106590145
5.293175038936536
4.694470244483553
6.213397369580527
5.507053612235781
6.185924099494626
5.698910533500761
5.730643164928372
5.36196073073396
3.4643956731627887
3.2223765631427326
4.098295457760143
5.886577958951074
5.322648739757655
6.205727362799014
5.950220190503506
5.312239865284111
5.261658712247154
5.50603384178419
5.547378115129246
4.9467923567448295
5.971958629856553
4.5511123349793285
5.023741873001511
3.7538690911367096
3.7607036262750455
5.31631471821832
5.67415051540617
3.711997606087433
4.243109371620415
3.3919898596576465
6.636593265533834
5.543638997407884
6.925541579787778
4.492925812526545
4.71367312394119
4.156260303531077
3.821552111642307
3.5050089790368046
5.954679809232559
4.184578224013139
5.008163306374511
5.612178318409008
5.241346113282414
4.715857727428995
3.9159495791991032
3.4348196899935948
5.250446031700139
6.04723044657395
3.9168439780595996
6.447551535418744
1.7177930981763967
4.174327615908438
4.575605990884172
4.041500438101928
4.380931697185372
4.148586473072028
4.386887132606263
5.738710183417413
5.437029426506188
5.955205661277842
5.193838077341528
5.586123081491174
5.535953397793074
3.0333090575649106
4.300895481311075
4.328922127055369
5.985954495089918
4.890712401350735
6.34014968116201
3.9533976713496797
4.55243939284743
6.185983029771338
6.285455875771712
4.701236573750646
5.207487088100059
5.9119822412988166
5.592171857623502
5.103723591294854
5.832813622429294
4.309388954682919
6.864404410988574
4.1378010788420045
3.1717553029283487
5.570421724771679
4.85524385341911
3.6590658803200298
6.286519983424563
4.58290077748757
5.475118685210569
4.6418172026548845
3.7606353369155188
5.323862627321443
3.851672260351807
6.385150767709833
6.779620210797654
4.254627091977864
6.011821333654371
5.841377304482871
5.25773799458395
6.185549512920075
5.196553279995264
4.625518605245711
5.516459862841271
6.180176370584288
6.001755339842237
6.450570027682997
4.677715141561274
4.469432511287041
5.314391473503553
4.98137339107737
3.986790637331487
4.997727711405805
6.164332668664733
6.0389687507927885
4.3802739915467255
5.703923713227792
6.456314403131668
4.219229102268068
4.5486981174266035
5.352500441588946
5.475396006694171
6.157680070037531
4.686203488766594
2.6627332102350207
4.225951650294684
6.472296191337405
6.086618201281927
4.854966074157117
5.733151820380651
3.803341313841062
4.272893856506027
4.114544824430692
4.060626787192267
5.669146104791292
5.357945451331276
4.043074556816228
4.015765514837784
4.522454016726363
5.230441040114233
4.717129207316084
3.7500137352508354
4.3718778784483705
3.785195775097832
3.654858646307339
5.51335301423658
4.019208581533144
1.8532769196685783
6.3221916642599485
5.31261618939881
5.12830930696559
4.652533868124741
6.370439473586082
6.384970830048498
5.81837256097523
7.087799850077498
5.542412490727439
5.492529356929079
5.922096745186382
4.826983097124408
4.092930585969677
5.8056104447408075
5.293091119878478
5.001463131695806
6.035764921798224
4.210692212276769
4.91784786995635
5.044045672527128
4.366608438167021
5.758946485108373
5.582299868105843
4.492078303154936
6.283255077044954
5.2180465214146965
5.039849166473709
4.590483605042277
5.171650011328803
4.163277828338795
5.807778605833175
4.567509465349621
4.6183517042827695
6.118893012911435
7.155889915783679
5.044455093261382
5.047486047937429
3.48928746433971
6.113118242160224
4.7406213850464045
3.9576041944313234
5.928629964535958
4.596492873833748
6.270296101687249
5.19386428750627
5.673321515505839
4.5971013574313915
5.514095471693935
5.945937361952117
4.383723126453855
3.9619443078010557
6.109616271766419
5.236167610394135
4.240721385284397
5.615231113654019
4.81351231825207
5.650775625048451
4.7927135622951
5.117606034385802
3.6104685020744114
3.767177118467548
5.744730860842466
5.157103423593947
4.534530123087633
5.341036200384729
6.1046545243057
4.8415115000935405
4.797878623870152
4.019413133159586
5.779263257793842
4.1732181916892
4.811337980343486
4.265234251641304
3.49904551140584
4.112363284146197
4.827691244486899
4.68740488304623
6.00476155566257
5.287482009039399
4.731177457723016
4.036642593574178
6.766488221656251
3.6152585216119597
6.19928760992677
5.7291228798863365
6.3952975830752665
4.395045891924296
3.2781470015902237
7.2376779119203976
4.619133723314531
4.717884210052627
4.0193231381011385
4.591411690238433
4.675758573799692
3.972265517533864
4.909032052774241
4.293019956210135
4.069308467069741
6.296597523998698
5.93478809359251
5.16704111722096
5.470052451794212
4.465236518794975
3.798503088643053
6.376259465119785
5.902408740776786
6.7963554766360135
5.308623639483343
5.751912426210845
5.7496372084007366
3.924711267626254
4.556622029830467
4.3626964905976
4.968149538966216
4.822974987394237
4.035246497549958
5.136704977340594
6.638452805176544
3.5568363364138533
4.439188098996774
4.758569826840608
6.150267765520992
5.492635488048073
5.518577826295244
4.985473122477073
4.4929047433128915
3.491409054153963
5.294341697148555
3.8357287580722437
3.508663573708575
3.9160390415661412
4.36436362772194
6.242425947353063
4.9851148069526285
4.729258228824497
3.9995519316041785
5.324483622673375
6.491231997254698
4.008948264771385
4.873653528286832
6.591776754628194
4.235809203496565
4.116659695101914
4.344872986716182
6.250459469530954
6.21671976337294
4.8449320564320315
5.591236273666789
6.354821759037099
2.18526057003438
5.651223992392303
3.8596394781993317
3.457841148826918
5.26228097086977
4.144736420859453
4.376272463347066
4.6754013009051745
5.033677353312493
4.473533313040843
3.1724537907218897
4.444944735459228
5.44807722283497
5.380514990723535
4.5599717783979115
5.53663385813867
5.00912435034046
5.3166708483358835
3.527144756632547
4.351280672028251
5.518519274340219
6.505686103799386
4.717747574544458
5.0530705298058045
2.4623154143425774
3.8563149897489764
6.078744537158236
4.185821090279021
7.723754415494065
6.022703862809585
5.773692958939586
4.0640361732003685
3.9154294854679903
3.4135306652245334
4.301311934169497
3.3345967193625903
4.218473621510962
7.3012952054376346
5.0495698655785874
5.8153956373344045
5.172420389078335
5.773196053311829
4.442803361072794
4.235333077462604
5.393634151275646
4.216779954721171
5.467292751510791
3.69171310886547
5.958082414032655
4.213653866583174
5.124345024644383
5.080788741984759
4.3483706106124185
4.817496182844695
4.539472453394855
5.8535859392027705
3.493241607188377
3.8855514701008205
6.947796627311659
4.316346505953407
4.198366907342385
5.549221921441605
3.0452630237031215
2.1306657022919966
5.625225183375978
4.1211325208139025
4.617930864600501
3.837762865069629
5.5120290590802075
6.635693962078641
4.178922142321909
3.761421390834866
5.0816539754657395
6.544807928002784
4.487244695034708
5.487148765076113
5.002771350870765
3.9375083940153024
4.599797290409961
3.9191025441173095
6.184505503586493
5.033006678836321
5.045939335753418
5.38465175274786
4.081695627142313
4.962745095205326
5.977505567004438
5.157770533771399
4.915982151525549
5.349337089091959
7.2589158524706985
5.692628532828492
5.494921140353371
5.916469240562149
4.240609917692899
4.358855654801354
5.526670584737914
3.949583086513951
3.5384177255641047
3.007764677906089
5.457672978478329
4.087983775140127
3.511936596434034
6.841728063164337
6.0172920481297565
6.703458900937973
5.558728706152243
5.097445067537255
6.475351705884253
2.6452307335293233
4.53939620569024
5.984357692232183
5.499454015232357
4.894114643541749
6.063179676653734
5.397475733763753
4.371940642162179
3.3799131403483025
4.9893956100556265
4.190396206538997
5.257728835489651
6.1578553025914875
5.935900830925048
5.374271703211012
5.83947241148781
4.692435449490356
3.529782777945389
4.77023309293828
4.525946260098299
3.8374757109614714
5.494713924172197
4.635991937917362
6.957268854058325
4.349890261023213
3.28384701808631
4.911622112033666
4.405519254624545
6.023558559550457
7.729786190305768
6.065080748293836
4.992198667973727
2.973636261864935
5.348304131941471
6.2257874296461875
4.905244145858445
5.275315202324336
2.7024205092927955
4.839438313644334
5.9690228598163815
5.061903758131495
4.926180096726074
4.497509545678026
5.518443858808248
4.905617943507684
4.404684803335082
3.2727947053582356
7.0528151783639
5.272354201511423
5.381540018613621
3.0533952183723576
4.915183454187227
4.980403791584076
3.9808057576838705
4.921025279765533
5.153194370630618
4.4346958186375875
4.317063842220211
3.7864763997008004
3.288095581218964
3.0046012441730756
5.6356859768781
4.304555920034923
3.647582332571146
5.8125661340419255
4.006178989229801
4.428332327277758
4.836012993450474
3.9587300577024984
5.463646376967922
4.015037481763359
3.685594970134351
6.60292576485636
6.075520773036764
3.5032639478782137
5.064056959887186
5.761594322831597
5.301017206434372
5.7966916594584195
5.793902811808465
4.825247766443053
4.83687324803733
3.5501459103856385
5.699679578006642
5.603726409277053
4.708147449044443
4.904697081719856
5.613832846608772
4.5082864408937535
4.845038105065918
4.40246916827075
2.8699339471486485
5.44057429609583
5.283059369375418
6.394589890524905
5.693188597187927
6.018823402878017
4.586047129359918
5.525459303849091
4.529905446167044
5.994558647981131
4.514975930156021
4.552221560062254
4.62126770501361
7.162553364347576
5.824805140229377
5.3633585125873955
4.122198862757669
5.1941010748029
5.349533951901794
4.26099940440747
5.477081791395015
5.156692370174749
5.103264922234958
6.6810839976996
4.950773571911325
4.850077898675972
6.392497589850026
3.9511367753597404
4.1211072382232645
5.501736275630591
6.1283289963074905
4.598097027638063
6.488954531021983
3.785082077750281
6.223924724791387
5.026905415605493
4.484905531933417
6.232863069658917
6.464774621916705
4.583041178472582
5.924823973136692
5.687730031090598
5.084971742884042
4.990889799924831
5.715364981468879
5.206938127262395
5.533711737049965
5.0367267309619095
6.404936570576662
5.511536317280852
5.31044515539691
4.199393654303044
4.682400561360979
3.858742317740597
4.488899945834495
4.315078257401185
6.189067592750214
5.16836499520666
5.379754141764922
6.006231510053448
5.99758234350678
8.038159344252183
4.218916514382484
4.9159274562511595
5.835633409449894
5.045182483433775
6.051662870427814
5.127162136069357
5.517777927766225
3.6005595078544688
4.543377874144189
4.240563150633162
4.383710915556043
5.371617126801564
4.560769124139786
5.521581940614032
5.703627805195252
3.4079002602564765
7.5594151728879435
5.631379341397728
4.775384231162116
5.043667663061526
4.814588565749349
6.0269429064768065
5.964592763639345
7.592854164561798
5.459237174668993
5.2320769927519635
4.6608458085130495
4.339507287913384
5.996770314625233
4.022987146549438
3.4418622308252127
5.60728297780216
5.660858894433831
6.424596694565672
4.572519309933716
5.456742705431198
2.859039139963903
4.935980382398935
3.9653152629823376
4.7859796097320615
5.638224317924928
4.5541812490480424
3.723489804534877
5.470655289658668
5.339090301420704
5.123347255008714
5.146607945385663
6.0070371625816765
4.023618894442836
5.853639933076681
6.193195054355711
5.707614053127743
4.4269489495191525
5.8038529246569235
5.639321029683789
5.052355897495788
3.072250094883524
4.510621932288833
6.177086069583117
3.258659081997647
4.264960914802487
4.658836363403621
6.8159074242263245
5.775120424928888
5.974963995737442
6.320743390915507
5.522456242078134
5.5003506370311
5.107145055526476
7.508131021741304
3.9796269233007906
5.681764133125271
5.102373969535834
3.713087326086672
5.622202971142802
4.072958097041619
5.018821870861966
4.833990209033456
5.812654794579677
4.4035724702782355
4.1250646822889765
6.055752770585448
5.219541311567239
4.707924547873198
5.719130164392782
5.957868762038741
4.095460868773877
5.529025604087364
5.777114618303967
3.2358510220750225
5.076376786427348
3.372701724029393
4.418820602234459
4.681427396063669
5.111574443730188
7.065463380054541
5.440012295384422
5.196684161229437
4.150870202601612
3.759299451341357
4.31193675665384
3.939250425977041
6.755571066590792
3.9914359547528937
5.061105974685861
3.608113167093878
3.2956768602694053
4.412396099169526
4.758493696373248
5.178122462748704
4.89666102834853
5.588169625046679
6.088495752969367
2.883001877139803
6.085264954323878
3.314736226773358
5.04056315106905
4.693836810461491
6.427980280837969
4.840126987135788
4.287712946811001
3.8768165766152927
6.358268456794283
4.208096090282518
4.795664908728077
4.4871087698206695
7.232446126317646
4.905119616126585
3.347216317970144
4.271448072406038
4.056902677520602
5.80536050973219
7.091342326547297
5.186025608815548
5.031604084911509
6.6065421173643655
5.352290306719107
6.975229518151627
5.527612763553787
5.288290511192649
3.4592588610939856
5.8594247565059945
4.774996566290577
4.870250155158613
5.648715983746589
5.213678286868873
5.565585316710007
4.237197909729099
6.681445880236464
5.5987216748896715
6.331749185425307
5.357343889015395
6.127885734847924
5.14043126943157
5.195703534718143
4.327546755896277
5.363085631958699
4.6797867258891035
3.9834477583387176
6.386266481204603
7.088585465008469
5.557416771241214
4.379131580135818
5.734486986502825
6.913276449113449
5.718338421720242
4.809946532747803
5.588943550182865
5.096249937017353
4.065134532445711
4.899480619671905
5.070327453482522
4.621795249459751
6.191880664278608
5.676540062854301
4.884516164722247
5.869908897350279
6.174284274678582
5.832699243439602
3.662631640191651
4.639872155884682
5.928966584604022
2.647936265189778
4.243980582144035
6.523196072928895
5.481857572671427
5.172401866858155
5.818635469293517
7.236088782179337
3.698633733844985
5.891998638045094
5.179540938888945
5.016611942029671
6.827884238021197
5.540852973092726
4.355306376278436
5.304549027993504
3.888974924947076
4.082021180507388
6.367848467985283
5.087478399560384
5.966604891522171
4.772740470779518
4.351310477928688
4.117604671751152
4.16779312939002
5.916562049239566
5.89120490797791
5.8043702438511815
5.452189030757498
3.6326977517461954
4.533359863603081
4.083056246431722
5.4396659054410135
6.180469359933446
5.837233750501764
6.581607544155484
7.084849206629231
4.974123075184177
4.763484451084874
5.455204466091047
4.832075108356079
5.0476974010627345
4.760565179090806
5.913341547432369
6.903282548121301
5.654605078347565
4.998520852133787
3.987559373355186
5.427174903296273
4.137204958570996
5.179804811460658
5.132905754641018
6.06380053483537
3.2564969793604766
4.667787808537791
5.6580684173727835
4.028677753435669
3.9002734137157873
6.618233655401381
5.002821703375955
4.507240516711687
4.3558871646759805
5.290537942309374
2.312926655127624
5.034082488349016
5.060845189394148
6.252283195165833
4.993307116564411
4.847072608018023
4.862606012436331
3.3925873687243984
5.977270444173536
5.381895221906804
5.859671940756404
5.501571826435646
6.582819691598102
4.899475593002852
5.677524405987844
6.188997308905796
5.541485844059875
6.140728550043384
4.335023106423875
4.163684987027139
3.761590781453221
6.052214244543809
5.371201481306695
5.505373482582464
5.476260683204847
4.3573915470534335
6.1309703755020655
5.834885982275382
3.984326427052449
6.902738808486729
5.207431560482435
5.801256215015949
6.421148513145527
5.984386336246837
5.679450365710776
3.264308792979744
3.618500726939898
5.143014948689421
5.135757545362369
6.654169626815898
4.726669171458466
4.453389597779426
5.742991576466163
5.852841704738875
4.66382286391697
5.391275570726441
4.530184765226727
3.0052717426298856
6.2286983323581975
5.862905475096633
4.594783315132798
6.8598314128564635
4.6530572919925115
5.041184505226395
4.0075245095371494
6.273288403955914
5.5710140761680265
3.7911301021772887
4.919480442886896
4.03603799548362
4.231703501616762
5.326763478162291
3.7107588463250964
6.207804311877134
7.2979659641592765
4.076826759882766
4.035167008550549
3.931687569484913
4.393371253903012
4.5227904006712345
4.778650453872656
5.289943044729064
4.322023748512052
4.19572404931199
5.761813735877427
6.3956824375080625
5.002475315671265
6.126645316438735
6.633732134799286
4.167058612939586
3.7902260336045055
5.459535313530241
5.047159641813653
5.226692597580912
3.1658438386895194
6.132931475573025
2.271813164827795
4.337647003413081
4.571752584427715
4.711980631920301
6.23203240654526
7.682072994364567
4.654840052403185
4.298508541576004
5.505262534126129
3.841000351639368
5.8898548996588405
4.109995710823421
5.020050788316077
5.279505645346471
6.725454294003631
4.447396305427112
6.257656150692021
4.625963859055775
5.775543972691212
4.339054804313109
5.948354230341132
4.7884707586495745
5.156992374624345
3.6029845816291832
5.312528228670897
5.628626623220831
4.714921889421506
4.112689372212294
3.023838349108611
6.578350686998742
5.204885705084314
2.7762350404403455
5.886802707920432
6.363758580979681
5.8030827056505006
4.832782638520417
5.376270154525393
6.407929928922418
7.232684643309779
4.149878754348629
4.732760351682987
6.703336827398556
4.514134572130731
5.2233570132226
6.494784533882765
6.712986637950709
3.9147655022946686
2.974734426752409
5.037297357084847
4.7492670689803145
4.429592646667131
3.5279711133838796
6.5641322268092335
3.5026326870123725
4.771698666284815
7.436905386233543
4.898322352290445
4.236948787676002
6.16114431013221
3.756983514412416
5.1553740021487835
4.975691554257008
5.5955761293302215
4.937349120225852
5.4357231781292255
5.308487293870782
3.328287163113574
6.827567103351841
5.3772014676615445
5.691491316251594
4.930908630721367
5.279841413462635
6.368980548372976
5.621599475229769
5.464142996901941
5.2142334311687915
5.083240473505035
4.607839468877372
3.743053046282674
5.956076189381938
5.362746317367044
3.174975745804656
5.872219333814195
5.423041382013439
4.966810266339245
5.784718332860027
5.15524345150849
3.456332317810271
4.48659417846469
4.548721870043315
3.8490542850757734
5.228778584051286
4.388659880895103
4.981112565956741
4.734650040751577
4.3273982634273125
3.7702019224964873
4.455316439664775
5.473584119818627
5.063908769743113
5.517682975872163
4.60480081481573
4.020304465873899
4.568333762454946
6.526130449526699
4.519308328206636
5.18064335539289
6.800674923412712
3.307624772351508
5.494895004961347
2.764161836023854
6.059461909105818
5.284132868471764
6.244723757707674
5.356359692172679
5.683960138118357
6.240399851800563
4.978203569755795
4.873809737508499
5.518265535905427
4.0102016473202555
4.336892661091582
5.156544090217748
3.5858526971097775
5.914277823254103
5.79240371143226
5.08826011258101
3.8064058179351052
3.269376921039946
4.798950713817614
3.6723933507499056
6.873978920733586
5.264075116205165
6.6137040643554785
7.697550073351499
4.51118472554177
5.325128624249613
4.096909741917572
6.120228495661343
5.742468883082941
3.99991569408978
6.79019684121852
6.07872833779787
4.25639878517193
5.772055942786765
5.281694113759815
4.680692972855306
6.004937269088506
5.65981105493788
4.888829311120612
4.943946997808064
4.55984655855026
4.817980120499401
4.9671030029599175
4.333413961119616
5.104838178644085
4.976453096226898
4.306231877107026
3.7513771827348896
6.010261930948766
4.353706504827777
3.0070275469252232
6.661599897057011
4.862770798518252
3.9437266881484647
4.2115674974181765
5.803027114992078
4.699272728693724
1.7224040588834995
4.869059112057373
5.3009912666653545
6.21171884916332
5.580343892645563
5.993159267580228
5.641162067488058
4.369525451325697
6.27131574538352
5.788006818408155
4.5178247614015445
6.554027417994118
4.17376631383964
4.574711638584742
6.555342261988294
3.4071889320058686
5.19414356408542
5.022089171305011
6.185218590162216
4.015878377742775
3.9289679872150023
4.39383059958899
5.264999190683336
3.8306019917291727
5.681560632087661
3.3108142433565355
5.934884168340981
5.707866916322015
3.959081490047449
4.491173936062296
4.707240285449414
4.5788561561080865
5.609992841378836
3.383294693699159
5.136930871188494
4.7008903145826935
5.438672417468908
3.315132113930628
4.240437008597032
5.148525422423007
4.174226379504006
5.695366551967024
3.4911462674422666
5.701701626572164
4.808846625607142
4.550512417535973
4.705958577022838
3.6125886098249467
5.243584916956135
4.520674797830651
5.657063155007622
3.810293249244959
4.934545360082957
5.401436711955018
4.954317075250743
4.930381231418872
4.02663315568968
5.922595742531783
4.6145239044213255
5.742936211566908
3.9246353187947207
5.4244220788624675
5.163679259868603
5.045638637067864
4.733082919903004
3.1129530228582203
6.444286222138869
7.674136217843184
7.559163154740757
6.908589158068679
4.926414604604856
3.5430797605137885
4.5473029386101125
3.2598882492069867
3.6247967437092425
4.960567297899688
3.421470869346525
4.0929604546785034
4.0769655879069955
6.031292750466273
3.871248232964431
5.606985561696084
5.5735854406596825
5.784200492869443
5.3632099646147475
5.918661842692896
5.953532750706368
6.1034803510126245
4.227030053449799
4.17030513237062
6.092467284108546
3.899121720412748
2.1056262276314746
5.85571591317788
7.217331020548436
5.227714116286576
4.361646588739403
5.40359895654839
4.076933795720536
5.0136869968148225
6.321626713172365
3.0556245697061506
6.63011609670242
5.849088493974567
3.381023133651619
6.489007701469651
4.141975755586916
4.029208563657031
4.375467707196857
3.2235706783559417
3.9630764558087948
6.901985808594217
6.593653343977874
3.643869189951127
6.464795021394792
5.4464186264391685
4.200142017608668
5.735602471925744
5.314417125637484
4.849125211296884
6.873065061516087
5.946904225955324
5.315719788755482
4.443939140199433
3.5098080947022625
5.754012021119399
5.362297299131294
5.642890215234654
4.175586218890563
4.606454613855754
3.8059849772361583
4.566418973754232
5.226428704339877
3.39293918788439
5.029012386758263
6.580839025683771
5.370111959666645
6.4081313525738635
4.616244461892423
6.133590609667477
2.2687349801820345
4.489356674364634
5.149494192575522
4.536522721830155
3.231407469814896
5.936883002336403
5.150194859667478
4.685135567987385
3.284889474699549
3.832834938498401
6.099298150671283
3.942103820081589
3.6502025173058827
5.53309589527035
3.8958734379329805
5.384338260394577
2.8733567073798505
5.574327121484154
5.250746827677274
3.3604151658662538
5.474605789450754
5.369756911423837
5.821075362179611
6.777764947633055
5.586619551141942
4.126846203002233
5.873794713103857
5.423987946969891
4.13876967210108
4.829702767151151
6.628118125716578
5.496891713443418
3.3400573633362045
6.6039925296468684
5.560516449340861
2.88313255649264
4.101797905111047
5.22967277902148
4.665124204358117
3.5821983346159967
4.334662380902155
4.892318748454256
6.51827063426685
5.106061490907897
4.6572696118238985
6.613780171599627
6.582867686180296
5.241650349191213
4.815124434526657
5.361853453689237
6.059107117393104
4.573522054976687
4.604665832574711
4.7394189613104505
4.966290783889665
4.696725477067423
5.645284721593274
4.028676709713205
4.485523957007294
5.017968693421119
5.095021012436474
3.7298479765825987
5.3411628559754245
3.5553241435578427
5.821440862593535
4.796692281533344
4.986388404854026
2.5254976911181806
2.7228719389117018
4.26350838181993
5.098789529711752
5.531196447376826
5.2383509230033525
4.079573351162387
6.846890262468149
4.132922253744353
4.489629866258836
5.3045365465540515
5.980033213209746
4.856187196579304
6.564464100251596
7.2758458821584355
3.4362057908726227
5.514183182004279
5.1502828705839745
4.075283069528606
5.673757358223924
5.151404130626408
4.175464141851057
4.862002928111536
4.5010645568683945
5.102960847956853
5.454717692183481
4.618763831345783
4.644074154605522
6.519145338301629
4.378830138015227
5.407174322205515
6.060130207656533
5.75670382330083
4.5367927532886565
5.727968533197817
4.147772581710263
5.1472889891631475
5.467741381085283
4.666264647293466
6.129670085778248
3.98883078626925
3.4035143434784887
5.724975405142852
3.9876916554692308
4.1968394448263755
4.728752281359872
4.584473632900683
7.560121774772353
5.776628892705857
5.488198230765442
3.002098762330268
5.401221018193903
6.19459342282494
3.3564353071810458
4.878372404495238
5.471392518780372
5.777941197586068
6.517284762954205
4.454350307729074
4.673451419017139
5.2065181750440255
5.668154132457269
5.732906480052044
6.352968945138182
5.8955605208627055
5.937973087628395
6.906482534803166
4.090969215762085
5.136163020832666
3.8872798941681177
4.434757159923616
3.1973219606368395
3.217623732406062
3.9440798947777025
6.892745284547502
5.727505327039237
4.581284218959074
5.403710766974909
4.2498881664349835
5.884978499092643
6.512510330472059
6.029796678167683
5.309495757303408
7.402236106756311
3.509971960436551
4.503543017130938
5.832297425210028
5.6783567306875415
5.647824968578037
5.249091344362295
4.851443493789903
5.942014284265027
6.074727132372503
4.28715761937423
5.476454571292796
5.677734771747798
4.646278395208805
5.880626440891441
5.38777957335828
3.630650767844473
4.752765167516585
5.39986484233731
4.239289825935932
4.708143969720444
6.690210872798859
4.92956249495567
5.208657350965318
3.643674308543062
7.491359642865747
5.66288951125121
4.753423453202276
4.365414325911123
3.8008389896887493
5.476216079387846
4.67036333781121
5.826732774095509
4.806793420680235
5.390017101872519
3.4224024719178274
2.9209632733027737
4.995546958461387
5.026049430734882
6.990911005669109
5.710677270676909
5.75489838322973
4.523067668013097
5.943168540505931
5.380954514085849
5.830601402482247
4.066118200107235
4.657909438325327
5.082907987785068
5.363116484959523
4.733459015101146
6.473295251925281
5.3100628242050005
3.7161533637291315
5.684955762286926
4.386975726817094
5.025045895248677
4.00411693627091
5.43837739523126
4.704293165727634
4.491964364394084
4.318463374210158
5.8410095045728765
5.3053669293848555
6.04163117232711
5.287950425545571
3.5702640889497657
5.460851782977464
4.871141838955244
3.122167171129239
3.8649894025477165
4.6716229469800385
6.749721926053593
5.156070682418668
6.367451412920457
5.5753097046484195
3.8874922940576973
4.781520534269612
4.198119321545817
5.057146119244232
4.872335245679095
5.416620000829278
6.178599750931404
5.3490202383622165
3.7722258773244923
4.20116305670423
5.683646189470488
4.66355015142503
7.8548915900669956
4.572580158660762
4.153211152485381
3.8758880499580934
5.545678864853123
4.9350506941274155
4.304970722175563
4.844445341769503
3.2550950867107553
7.150996780944743
5.268579582463274
4.729026131646092
4.762816674884377
5.688474428305566
4.258614020563639
3.7722658253454013
7.756013244629609
5.883781501126334
5.163688380710821
5.004105363502194
2.4039720088701424
6.1196623813647175
6.203822246224092
4.437824085605292
4.215215860404263
4.620661552307401
5.121627824929012
4.58129483762009
3.926618941059582
5.942655573329958
2.612883955552893
6.759652702924264
3.093759277240946
4.781236807124675
6.0172054727341955
5.946359900854146
3.628923868261611
6.038345255066075
5.808255891270977
4.067107051420136
4.988847861602573
3.800185927540832
2.2385004572344793
5.063810041073431
4.9238772973632425
6.4154085051426675
6.24269394250106
6.547387415674651
5.68981059880209
4.827063019743338
3.7262671608663767
4.369525498469128
6.260762379127645
6.693874799340952
3.684901548560263
5.616076470725737
5.325721023540522
4.910248525431337
4.8971419584193985
3.168657491799165
3.5332259333181932
5.9368070101998045
5.881010863665587
3.445329259257467
4.2370143536799985
2.081415769197359
2.7841831857197414
5.0192574701372035
6.354587121963865
4.729663342887537
4.776728962298689
5.624070509674882
6.539837215961848
5.2124677765857514
5.1957349526115255
7.229082609745177
5.20352684322188
3.6250115183415828
6.266933038129954
5.165572304522792
4.900246773764415
5.176969923292402
4.998604064828465
3.8591085657905966
3.874440903596964
3.930348258938577
5.060533988882698
5.172544153065684
3.7669787141968514
5.352067410494348
4.561818998445479
5.199028088318494
3.553835472642537
5.231705329783548
5.896476922448478
5.299525606525636
2.9289086577463346
4.933831049986607
4.460238975474885
4.701684252625137
5.025410052575521
4.682875772226646
3.2255059437451825
4.919609763766695
4.386658856238069
3.235137196139646
4.973007532352282
4.692957823993202
4.433627846162677
6.934953601226901
5.041312510392842
3.6920833980685805
5.490230474016742
5.1254320603478245
5.596371788286007
6.577684596936308
5.174471621111375
6.55114397377221
5.806536186385541
4.791003171085136
3.024327360692869
3.6202034300237997
5.309858952896817
5.982263581336038
5.409623517624117
4.617409773166896
5.067556291628964
5.389043441087018
4.642574686548011
7.315061404675191
4.70576568113423
4.518173655881619
6.453150289628653
6.488686891183178
4.590633891437096
4.568019275880003
3.714073107457037
5.623131144485958
4.455662960074195
3.5498210570996136
5.963984657349938
6.046411520728402
4.987091170316546
5.020194505523289
5.62201463021362
4.62635544397625
4.76201142053737
4.731488572180998
2.9580976691179695
4.674571848723867
4.5930821185377235
3.9020810271982684
5.512484257940021
7.016598462008872
5.360389712049158
5.939994879497041
4.312430249432298
6.678137506103991
5.46394791164157
5.629931686392636
5.506985175721333
4.364479905186939
5.506823118875292
4.977668901387032
4.952419944753514
3.4228532191212686
4.639451820703492
5.010353842003949
4.960780003474957
4.5093016897879945
4.77222244561709
4.982841715188507
5.416890890888967
4.872221797132169
4.875351446790551
4.26547741313234
4.614435349285214
5.5929778657662474
3.4888637215737477
4.691913959925058
3.348102788616269
5.327897773881035
4.745274495079316
5.772711202408709
3.3447527813031535
4.926313686084019
2.96844654249563
5.430449046116231
3.6573480089514563
5.462962967913372
5.94567866671854
4.676710686558864
5.008062093209234
5.219099626335395
4.706498523466054
3.237785367526327
4.35028409490589
5.522543892723627
5.455051722059583
4.509661128604468
4.887535684467093
5.521655220176397
5.285697786778427
4.38185635081015
6.197419435511287
4.034818867870653
4.5891294450212525
6.947984160957121
4.378769172980078
5.8419847246407715
3.6869059376727313
6.292178795537889
6.216725040468429
3.084556102802803
3.1185830623046256
3.3376400626675418
3.2674236017129177
4.899819299455916
6.069554911960813
4.682977897933742
4.966542406840115
5.318606022301912
5.776990682979239
4.807067700408966
4.736994017815776
4.451362894528772
3.7923486020815913
8.710164868486192
2.5500692783571104
4.8786614462748945
5.8894866979978495
5.306968257828265
4.855216251979056
4.596561148463059
5.312897917999296
3.9695012713147904
5.6600292395189
5.101783491258422
5.937536768644859
4.789414678709972
4.552046361663804
5.8886086240824875
3.5682487360339494
2.4037174516239572
5.520775953053384
4.092597455680122
6.760988136563812
6.203556936171973
5.28394128378603
6.0864847409936775
5.027705695912798
3.1940428000101764
4.282180980373056
5.375075250535788
4.9943250451663035
4.636568635684902
3.4308834041700225
5.580152095716105
4.397406881207848
2.7043374001093667
3.276078082768001
5.049308107028066
4.6794913701080825
3.7282953774423406
6.477944327790034
6.341997873852252
2.6731802825324613
3.644252633676453
5.816149778237695
4.470400701916137
5.2738732511656625
6.469658353747079
6.070895527275634
3.5738069602281373
5.616603615826026
3.7903932091576125
5.2997439153164985
5.052403973559089
5.782123876879873
4.668023334349271
3.903278119565754
5.656237913168128
4.079005257203694
6.4331539345642685
5.100168046654569
4.366889558279828
5.643593740464695
3.330994439767097
4.690146526780451
5.925809492361698
5.449580700360216
5.680484218091741
4.317324275596382
4.562374869442432
5.11963455676989
4.220567723488178
5.788223318148686
4.977421126192566
3.756473895090737
4.991111500249591
3.6599361915991735
5.069206109931647
5.354289013459339
4.926953861280327
4.021212877671794
4.127537198418147
4.930658139130856
3.15464937161518
5.003571459863015
4.682904509248727
4.770585373328824
5.4565786452851155
3.7131742036631628
3.687922412506181
4.263260001204669
4.670003033099073
6.272808449116182
4.915497959884172
3.778136391266456
4.155366708462106
5.467588777373138
4.796928897632396
6.034736043986186
5.266359589094662
6.881943295633475
4.163903086549995
4.326504515220412
5.8395910020941155
6.590457235865536
5.023398997214427
5.0930980739636045
4.141542229123195
4.6525172970386395
6.866163898978459
4.5037170488213505
5.073382880779288
6.321006623813599
4.114735472623813
6.871305495457188
4.164364604585247
6.345464842894271
3.159829679270156
3.871371280449454
5.420574443498841
4.055622408352557
4.23958101123771
4.117828049831024
6.952095848621012
5.967945957240992
4.061258415708465
2.685903172964237
3.4774597393320796
4.55907186379647
2.8269006879645424
5.65507037374068
5.8537848055606485
4.721064974027183
4.402325805900048
4.602206037400437
4.710398422984804
6.368073410314191
3.5221512596004283
4.328743262608818
5.5162625775551914
3.2827556332642116
3.529878272791925
3.9348950866364447
5.131809840950257
4.3957988544564985
3.521630028910871
4.34413537663464
4.975778132909627
5.235081085306666
5.528067546887071
5.2208905323369965
3.998307477341639
4.84803889656815
5.299953743658863
4.412547404542721
4.56097266101209
7.207337794479406
4.3608249744822745
3.510540531511181
5.979870610251297
4.00611750680169
5.874905750931526
3.9270237238417325
3.873080239089507
5.381237637714298
5.834728784366224
2.827701170469619
5.250724273041435
3.1718235622762316
6.979216515492174
4.016533507227758
4.9199681459342735
6.180706526948261
8.163437066946369
5.633417819787855
5.025247961560327
6.270943397040157
3.9520074917390864
2.998032550065891
5.296755050242931
4.257581730977939
5.828680993666331
3.896408221021061
5.298509744921864
6.317991804675706
6.028222921451426
6.1768661590624205
4.247082973178058
5.177621846522359
4.502630969740958
4.967038024332559
5.987098175406882
5.372551994436637
6.007604413459657
4.136106189265545
4.337403078805157
6.182633175344045
6.419324647192714
5.609513281175124
3.9293070872509697
5.528757651276252
4.880897679679514
5.271694976173797
5.208057349354432
4.075279923593056
3.9746239735756306
3.2103267698729736
5.981765637151128
3.838055889957384
4.976848834506617
4.580452757591693
2.5142655831282164
5.497481224330883
4.282563171087307
4.2790421055011265
5.846707116166815
5.051119665292287
5.50203432567825
7.1588970397451135
6.039803633261129
5.26567118347914
4.727704435191523
3.841218808674346
4.067108774060026
5.338139381148702
3.247381276774321
5.0313300330258155
5.427049280117931
5.0917028595629175
5.383376653340482
5.324456529431563
4.6329064769748385
6.283619584439438
6.688726833238299
5.024409498304357
4.921605138608296
3.350984466893492
5.358963148631865
4.35104577883101
5.052228342103539
5.602698773840738
4.578356608971493
4.556913142305477
5.216138852529604
4.943926799453758
5.788585822187528
3.6259634543362815
2.9361917470973147
5.621120676354432
4.207901567260957
6.693325890336739
5.441980099961048
4.649229871782507
4.6756552366574065
5.453756646537019
4.248446413305249
5.730214493929937
5.197980869441671
5.554026862358098
3.937112886122327
5.734813674669661
4.392244859348201
5.604183613683228
4.723011212938683
5.5384187736778845
3.871339614152204
4.068729953069688
5.311064567183612
4.517834925638473
6.462779611996571
5.426150900322687
3.720083236309146
5.618546691786734
5.278618219477713
3.1075312008752016
3.6185580558620423
4.331369435800194
4.543118334060393
4.0370347393646
4.8069170737950575
4.591235700472032
4.942515788757084
5.924785699214849
5.840716312928691
3.75988948361931
5.906182111730706
5.937338186023365
6.418369386803258
4.886608125092412
4.970357948778814
3.3150025644461514
5.194864195940438
4.210864275843688
4.082700798841186
5.86580426966361
2.8012970562558377
5.991796095161947
4.09268433480768
4.369813802152391
5.400093788408364
7.040472301572111
5.153489492292202
4.344485955265627
5.014755825068278
5.70425432689707
4.554750353938678
2.774721972740493
6.620545849630815
3.593060067244612
5.7722878622068885
4.897302741533517
3.9691504005676146
5.1480168422047115
6.157340378714818
4.705811561786772
4.225884329966085
4.460359246118718
3.363094786266364
4.890597160936968
6.260235205309359
4.740591014901315
4.451304439580099
3.9749475465926345
4.692000934610199
4.014829737257342
6.279642946886435
5.157665599975648
5.049476141487991
4.643630352045763
4.855137959705423
4.602558067508569
5.029370794565555
5.129928599937174
5.7236462802398
4.490656790481789
3.510670086721473
4.126836688703027
5.505814855526205
6.487479446403998
5.889589429215227
4.6009698933148195
4.015706603852381
5.212668398956597
4.243619033080736
4.461627563241322
5.56305590142272
6.740739071779046
3.0640025759459357
4.00322312112961
3.65338239001695
6.52592083415627
5.093304177167903
3.97560797911292
4.762334449030301
4.27327020618294
6.081331696895301
4.086941167095963
5.337915206697451
5.5895362636361545
5.32553464318946
3.346852904531282
4.826212363828648
4.17784491874556
2.424039632371234
4.325500865557267
5.419147758211234
4.807518355159317
4.71380468553004
5.124426733068445
5.263655981679227
4.725007374735551
5.839843860591101
4.542271265414799
5.174595290164224
6.5234137993659145
7.08414823052504
4.917809033190473
4.335426639747801
6.707501232428777
4.758502322241646
4.0714861979334405
4.668982821660006
5.129107087749242
5.124250140388488
6.162080623452605
5.30656531252035
6.876659168525521
6.897550040224462
4.474214168555909
4.358698429699386
5.939526553633637
5.655213289251186
4.63818080161737
5.972842339001817
5.249435022866848
4.749012493410372
4.815166575514901
5.6037089589949005
5.53914442793822
2.9892752250320234
3.991536746854102
5.761397850314099
4.813559165602052
5.682555973283269
5.280134552560668
5.395736670607439
3.36960016771433
5.121480883685804
6.994113401160679
3.006716277037298
5.193598132241532
4.645727477712915
3.5179699316193718
4.4859853177422595
4.049134820858471
4.432104504313299
7.506071964312992
4.719054108822734
2.612889110786022
4.632433455818137
7.154955029661878
4.566187537915093
5.586694665715253
6.218250302232413
3.677739059325423
4.60242474317842
5.622163718467235
3.7328228043496394
6.1890769905007
3.5957079964763494
6.163712220328544
4.9483838260376745
3.5082289307173076
7.111264993172959
6.747169351135641
4.049452857697919
5.5772313149321535
6.911567050360833
4.455488543159589
4.228724071268347
4.310330470525022
5.718800052397333
4.943637556938435
5.188659885617859
4.781403839028985
5.705326329407515
4.812864784477067
3.5525006866516144
3.982792149845639
5.598598821471599
6.9090288011183105
5.493683667179072
4.806579744886333
4.19959730532931
5.778082562763808
5.347384624823167
5.283106956843807
3.98395397175515
5.679540162071457
3.449985176315498
5.546098260046667
6.375483588076132
5.7557810668694485
5.418780563084807
5.382073713021867
4.102772116832301
3.534311760956073
7.603869791693766
4.947248640463113
4.836964078981033
5.348872463928638
5.931688382685932
5.2842981254712695
4.445117625237328
4.165938689499863
5.546581111166652
4.6782802826722145
6.396917327915536
5.074344937097493
3.76978493667537
6.199993951472406
5.319895542077738
6.304791663316285
5.999752831205299
4.523345451826809
5.318165441060277
4.9396710232943875
6.426886752005326
4.79126659735765
6.18349894156694
5.6655478439947
6.909697252540241
5.127737978300824
3.8956954050511983
4.593856777442783
5.269559830887296
5.928298353189827
7.13577979991512
6.893255091531069
3.8706532213536335
3.4671999290560698
4.10304323874146
4.599503331350855
4.411878956289735
3.9267481798986985
5.810996055264525
5.743380621533461
5.837711842684729
6.057260971658358
4.036272474770899
5.794508013781951
5.474998088086146
4.5794059170308525
3.7509228981235063
3.736088001820643
5.453421319959099
5.059894571256659
4.893148535186404
3.655918288323528
6.572445099552534
3.75563215986307
5.976312124908097
6.225171851320782
4.965295150943909
5.437952624453374
4.788963863077727
5.793998895431862
5.188101986009077
4.078880171832205
3.2639192081977635
4.772092837725099
5.251950525265495
4.809714740945898
4.784670162796445
6.492673423648981
5.675404363093408
4.576646870702012
6.234732437626819
4.106039240063421
4.5241891425023955
5.364135870325134
3.6312241786517894
5.280426888619062
5.7155466917214115
4.7075565140906095
6.059157280049936
5.034270189294807
4.063178417702785
4.025778287929781
5.540021900488523
3.732830793233849
5.456793087526
4.120978517464548
5.835758580498007
5.133317907805738
5.691879542802857
4.615012820945649
4.469395703662374
4.114508877488417
2.439515230441411
3.3767508691494235
4.159282715212657
5.897657485665982
3.703264142678182
5.375388229782557
5.320583274008572
5.567255539897183
3.9453561547009377
5.753287863307725
4.718352944615542
5.286891192549676
6.552854928309361
6.657248935176767
4.848141415377086
4.370341315382015
4.551539257617632
5.107476412180039
5.01523388016092
4.2382605589583555
6.56635499384478
4.24720487787729
4.547879566201038
5.462660340637958
6.538459955080353
3.9310350962599125
4.643137815700741
4.162113163452398
4.373603271699817
4.60030873938402
5.37657933878844
6.202556809140165
5.764741612930932
5.03962881880746
6.139238313527309
4.725325159325225
5.288225906999789
4.336004581157596
4.650921541407781
5.259744372599885
5.0887708892123
3.266253290978048
6.463128710079002
6.5948352553403895
5.125484123057902
4.513931216410692
4.448551104251328
4.868752705098071
6.600865872440304
3.9797172680763615
6.828660484073493
4.9279420306522015
4.179734278065457
5.244421625101547
6.18778713671213
6.568593873255165
5.7152769443472415
5.6538271588669335
4.450078010252411
6.021962095983482
4.7211495386823215
5.224542187227893
6.30021167348204
4.679342775052398
5.946639920688278
4.282186594076251
3.331256124624441
5.34542249383605
5.1332023193586505
4.043648078167394
7.2567744147575155
4.326288074071069
5.493055836324862
5.904850323934128
4.449786202823147
4.782673760776312
4.488039771434538
4.573865196339726
6.128987084095314
5.428460298679579
5.1562054009608005
3.742948242582032
4.428773192046527
4.346390382771103
4.7033714955042765
3.3640957627083976
4.175292775168613
5.583252528561582
7.468328361589573
5.303000116130166
4.382120312819149
3.2294661733240573
5.284801430379487
5.779314692252254
3.1649845856886936
6.3409066181243325
4.539526813506553
5.751642171863993
4.2137609691060245
5.394791743068248
2.7038012904456306
4.077973952695431
3.716609030156641
4.938256339472785
5.137058131034884
5.350604495228019
6.134794937564719
5.029514574172664
4.582791488863487
4.2031653333507055
5.085573592954954
4.668174845464437
5.77436714017312
5.483399165608253
6.739454062035179
5.047200305496974
5.155238406426717
5.620850475224078
5.050661018147126
4.477138859472661
5.677404865653043
4.934459312779073
5.488858960618179
6.9824817080309725
7.645071658437719
4.760773675594224
4.132493274983684
4.922901341110384
4.680482676769406
4.481331347211861
5.664645136082735
5.362979846091612
3.82443989130678
3.450677716629773
3.7158398628245832
4.45839317371472
6.245651625035999
4.522315776977274
4.781402078098414
5.116115228543158
5.149072451885383
4.655861320467721
3.741230138123691
4.104256077966384
3.0099207507603527
7.856370296981202
5.5404376959749495
6.413638520531784
2.8720417483455654
5.535391526434695
6.342735739373418
4.988544992701117
4.290349655304803
5.289684153715909
3.481183481259714
3.0580824467786885
5.32299286124886
4.637914768748263
3.390874924213424
5.450135153366238
4.18860520734873
5.100511191304152
6.1737263776594675
5.066051128625764
5.475851531496913
4.403194556731318
5.655385341385878
5.9006528102598725
6.150512160425754
4.218832833047402
5.141133699791498
5.3043863492014625
3.432550364971605
3.4556907263983305
4.101822641212037
2.739632434707883
3.3830819602835165
5.442406521147418
5.415573217130936
5.721616548224977
3.9110050937989413
5.086169663971599
6.612980272419202
4.726153516654446
4.328977495353153
4.445182477033009
5.197627597398584
6.215595514556791
3.961647972663507
5.8188509068651655
7.541244176996829
5.688152762537255
4.016049558623573
5.05510879130296
5.452331237046267
4.249235958967761
4.547864561441044
5.606972004385096
6.13118735105858
5.743200551369083
5.866106646852559
4.530366199822378
4.319722306099619
5.308562376711433
6.03996642973029
3.6138729711361783
4.872083259604379
6.961355566627833
4.154916350089226
5.312804177076082
5.455298016593685
6.3432524174297615
4.667798704195112
4.112441003434869
5.57940864859826
5.735409295107975
5.7328352963958515
7.039511413009491
4.438827667843965
5.9839959006867955
4.519746093125524
4.84921551327582
6.01826174706246
5.486411112060958
5.2080099533509685
5.70423361014985
5.06648948784361
3.7460036680037945
4.702703692925526
5.38073277794455
4.432253207074208
6.957087153818444
6.229972385701837
5.251821240876589
4.492928221407298
4.061017910372818
5.1840794037716345
5.471870253420769
4.682767851602045
4.351406638690515
3.6445881804287246
4.899125438388173
3.7058466324837305
6.014414758475477
4.080507238905657
6.787277278333701
4.9073326001585444
4.249664818223261
5.712775173881014
6.410277949812934
5.383169581204259
6.019865110053279
5.7778798710399
4.319784751138207
5.737370490757615
4.378993386640235
5.896148836912093
4.967321833135173
4.134997735971952
4.254896561012213
5.0576774563708025
4.692693643571093
3.4001896597719723
4.50641520098996
5.992038720809882
5.3103972660186285
4.459939501670204
5.480557104422025
4.776519257083125
3.832469004151392
5.6246198148741655
6.951724303634405
6.161094254817122
5.512539230205242
5.6461895999445
4.829377457014635
4.835354835400813
4.930788647509662
4.134121981777729
5.085419421627672
5.449185979688971
4.754747443789983
6.231744141302943
5.994804878488161
7.2094406708503955
4.028366106409275
4.818649880031992
6.600069177597424
7.019288092949618
5.087746016004874
5.758333793533891
4.652001022913344
4.26473003863485
5.161079653017978
5.490526407113161
5.475173729731895
5.148407376921447
5.031341021602096
5.283062263388495
6.567196848509174
5.075325965592294
4.145976536072831
4.431972644155641
5.405576489288552
5.0169343758020455
3.33019044376739
4.709219906828547
5.274896648485517
5.266926762172881
5.24615505754602
3.4803902412476133
4.879422486757345
6.260163737246301
4.589868967796919
6.224522230998629
3.9929503531121613
3.0881104031744178
4.099593627448724
5.409695281766675
5.489739057933213
5.274113595990469
6.1699080142360385
5.385413130012015
5.414289418019694
5.084831563554756
3.87461916166407
4.0003081635954265
4.598483563951971
7.163015244165888
3.3571861768053646
5.633330069196788
4.575904145426264
5.1812992443728065
3.805004899446248
6.25879261292774
5.654451711211964
3.696156358832218
5.22454406329902
5.203834376126111
4.6696184697088645
5.364632630091587
5.1971180239012895
4.089738805151848
3.8387777984615576
6.103400735818132
4.7664259157461295
3.797638256999028
4.697313820851671
6.525483776549022
4.191396065732885
4.258119981093229
4.7548324181745745
4.446651060409684
5.825312755166882
4.763228500530358
6.076378039236768
5.933380114686815
6.24392910017296
6.20836833689795
4.07414708416919
3.732910295081722
3.635442927027994
5.289077741152356
2.434188562363437
6.313320015754227
5.724310925669013
4.80547407534631
4.817711688840337
5.8742405452025945
6.4458250013735094
6.2656338745688895
5.464646449440641
4.986905903108196
2.540316972703215
4.578386090585428
4.894025541149898
3.4034459386583764
5.367901580816484
2.7150899037818084
4.911020591698163
3.9491084640754766
1.8487783715963222
2.967139837306585
5.773732084456176
4.118351845759156
5.306684212962959
5.096997096365144
6.911569618443241
6.808898142508251
4.588079388210261
5.406937417224675
6.689268267364701
4.142852556462238
5.379325329004183
3.905709364167567
4.879305990601184
5.083302766308156
5.299393112019885
6.268048528620444
3.9304104931736568
6.270899614325859
4.716005159907235
3.833433413927709
4.495128865817328
4.9832613133985415
5.081953619587607
4.860849532997952
4.334023271827976
6.588735285814397
7.328918051398816
4.590637189809075
5.238393110931312
4.961221508184165
4.982184721646357
5.2158429201655405
4.373785748984015
5.128332937677514
5.121052380278042
3.912880574294635
3.9676380314780326
4.7938484445389475
5.548900798054314
6.268647664317693
6.218289185237342
6.517793107260113
4.9874885957826915
4.80219926319288
5.676010654588066
6.537912524469997
4.117038197568356
3.0276454716938845
4.116225378173512
5.428618009491044
5.144166189751836
5.013410601688525
3.8929039641517407
3.9537792245874726
5.306259475623173
6.201139857111871
5.672575475579988
4.147929849165704
6.022021871225947
5.343202813119342
6.102864876945818
6.23248042677538
4.714135231638624
6.433038307155769
5.800723615496045
5.20648971628566
7.0278355738774225
4.713847464682127
4.61788777591707
4.57523045138378
3.4592383558210393
3.696887366432106
3.4866421199248387
5.971442264556104
4.523019801435348
5.566362231006212
3.4115325796387035
4.94516038028622
3.792666424004838
5.055410045805656
6.121195305082233
4.052695090275177
5.828601584709727
6.0181908495054035
4.93033574341281
4.687478708649286
5.198226634299167
6.147649150828137
4.750084321460227
5.9125383186234535
5.692553992341928
4.110349391805745
4.825779366452474
4.5339236209024865
5.076655076697476
3.256124657543187
4.47438652706767
5.732858159192717
5.240738981660057
4.443785651230623
6.011418381835414
5.724011236816246
4.537545958465546
4.76687190038963
4.649469672771072
4.48281716083933
4.672370235151956
4.53113880695863
5.9752481291555375
6.460556941238826
5.267018268502712
5.214495329728403
5.997945677089541
5.645495716416346
4.8791662900294
6.433529248473839
6.839780450809437
4.474206043782994
3.8639723013740293
3.4578849207260483
4.193581286669045
4.058402103494122
6.179998156961779
4.543863788781016
6.08861865834397
6.161038038412399
3.0824910801247434
5.125398448875144
5.117199693543304
5.571745472705727
6.00695789907871
6.104024573826097
4.355264648929097
6.737814598686214
7.252327633648744
4.514272798008751
5.1776027759117484
6.161081703581482
6.532030068818484
5.2604016398523346
5.7258271896089985
4.218049444670545
3.955929537502206
6.786300886006787
4.839314670904298
4.77852697102979
5.569255553362484
6.11922865242987
5.26664607586648
4.736219606561024
5.917531820169774
5.059921871505385
5.57250994236958
6.935709434044673
5.2182085971886725
5.5343547934121995
4.813513629694979
4.247958387390662
5.647773203137
4.683049053752092
5.513916017289842
4.192217302436984
3.432103876432874
4.815274529090712
5.088280470124921
5.410395122102185
5.840286565292372
5.929179547641981
6.578823599902625
4.49214370393611
6.278856083816822
4.330671607556175
4.429197164642969
3.715730997675915
5.816185102516985
4.32678965507188
4.130246488153726
5.021360316732442
6.262508489385879
6.0312416149735695
6.116941028953816
4.561510143889655
6.068867489548776
4.7742327041146835
4.383194961316686
5.273059310014859
4.588594218720404
5.448164377251528
5.077805902930551
2.896605729795973
5.181913105293125
5.209368365676202
5.025908530072739
5.961950660895996
4.096596715334731
4.403166078303913
5.704975047026667
4.794500734557392
5.603181500558115
5.236907755389067
5.055764675165728
5.240938479108388
5.859861387461291
5.527763530384817
4.854256797328735
4.7707503496016335
3.5060442765190833
5.337953334429825
4.0292203568762
4.41660915351051
5.864603578394514
5.138660277010815
4.82424546627787
4.579831607395886
5.375790880339667
7.579969808577367
3.903473847523879
4.191197809214044
5.647542996825736
5.220525672239614
5.682544297254431
5.656484670798173
4.888294857846697
4.874193261327722
4.9299732810719235
5.050420267062718
4.4931373349361765
6.136762199346009
5.347421272265079
5.27754727564181
3.7047335887903623
5.156404015020519
6.203159610594814
3.3519170296068537
4.765260845743988
5.536642792521828
6.042046308755271
5.358597728314226
3.940158017186777
5.900262734219456
4.301150735851975
6.735917149537087
5.2684143664246905
4.1202840600831125
4.3560654281708135
5.416895959911052
3.691237788306889
4.095036444204444
5.295197689099768
6.641067179478024
5.495827814271108
5.3965349321079215
4.5764490761516985
3.9061347209945914
6.030065646538659
5.775264257907908
4.135856501389698
3.2474705768615038
5.656683506313998
6.1669709636774455
4.1381967212434825
5.317596787071218
5.13070448468691
4.6260728881925575
4.253881872516777
5.588855125860659
4.429834248736535
5.2617449063994695
6.576480075963903
4.776272178705977
5.812231659319979
4.994610231683272
4.599801922454487
5.1390577674707565
4.533998400735131
6.2366819858261335
4.59778363638115
5.731228571306695
6.479454015851394
5.218808182448105
5.488336572550617
4.793673191757414
6.174350127595142
6.754409583833133
4.849692808128559
5.865958836739255
6.2897041642202645
6.045647059846677
4.030959385798833
3.8082595132538737
4.6578154599220065
5.2216143098889685
6.167048178203984
4.598847846930687
5.178915390886083
4.4891358626881726
4.586170672207247
5.127281339835788
4.234179110633862
4.907910551852096
4.92135061132353
4.945901000278812
6.346829710155355
5.035094202474314
5.034877990252575
4.814433904832608
3.597243692696016
4.867554526711723
4.9770178062704264
3.2484323087748175
4.532847062128878
4.185496669041733
4.273910757211832
4.048293818490736
5.342717402765019
4.904339045530788
4.8040206396731495
4.358707331424685
5.122151499941224
3.099863973261716
4.576777147975387
6.071859059271655
5.8922289542273845
6.161098630597579
5.357948142589419
5.198781964188965
6.5238182540729355
6.184174736086037
4.1260486876973275
4.653582680918571
4.770946314178962
3.845894446906093
4.686708730715617
2.8434762768021833
3.0029020489039717
4.283885688456953
7.042206627702418
5.311907266505807
5.02356350036402
5.019925864552734
3.9991203139799287
4.768427681016776
4.909768277652254
4.489443650604564
4.126017707115783
4.748415195821141
6.846112489485662
4.158785487438007
4.232540432046324
4.20199698273111
2.9295193820196728
5.183499769350786
4.258856741780182
3.5165067728418635
6.084749827108145
6.575457225406327
3.540348253146224
4.918197711345315
5.719559454663921
5.04041536488994
5.200973078892575
5.497533376772749
4.725068530952891
5.063499894426252
4.050344884617253
5.454824274601537
5.0440747903079055
6.062004331744411
4.825400224559821
4.142225692408644
6.501006297414368
5.555687228393946
3.687943069408051
4.967263850569168
4.107003604088964
5.013852550697393
4.835372379763937
4.7616071133963205
5.79466864973446
5.587120599873386
4.58028769763673
5.705933863550862
4.717443038564153
4.744677848975868
3.563798444739092
4.867616078938257
4.115956267194688
5.7332051679342815
4.15973246230973
4.331825891501643
4.162728005985224
4.488115095243205
5.124321248483062
4.819396593149299
6.041745184013824
4.272238624066647
4.8203384283568855
4.373029314808575
5.7656365470871105
5.803446984783771
5.742859869702115
4.544949004169622
4.43211626831007
3.800601423785783
4.569060024183036
4.341073334359698
6.796328989547744
3.3008341517718494
5.18156184955399
4.194099577967397
6.174179773966335
6.24197439923005
6.397180376197598
5.483909573186018
7.354720693744673
5.700554745099805
6.08489362809418
5.934304429464797
2.5370671401354175
5.993033689110141
4.890437679340427
5.102018412640699
4.7756066403479105
5.446442638777257
7.139766038807993
4.485166147598187
5.365735011111173
3.7192670770357323
5.837159278913759
5.002867002332997
2.6665487695305945
6.5748174716511345
4.523459469807861
5.379601481342168
5.9667340758506375
4.183520049493928
4.645194880264381
4.075882661919606
4.2637528109303515
3.7032762949111495
4.0632293553374375
5.297028418213106
4.056857563306035
5.184990137118426
4.128439265888119
5.798812137660003
4.23107976033094
4.023548019620234
3.2073651035345385
6.4247345268046825
5.0807998350300725
5.5595983433039615
4.763768068759023
5.646755012743796
4.016149673321457
3.8426996997995473
6.2669189446420015
4.565424551194033
5.036498334966995
5.61306494022706
3.4302469541546543
5.132959839268965
6.470658977316607
5.727634223654077
3.6259009533379114
6.079332910641986
4.724508321683639
4.8993392106621245
6.692694762498784
3.2801489510656183
4.743695648804774
5.055257148874024
6.392451422180594
5.3087594684391775
4.9083623705793205
4.879701871023856
4.532781112721237
5.703895464465985
6.34850907346577
6.484496893565963
5.42266796932403
6.562190794756529
4.635895761351035
3.694502407191518
4.020923765023209
3.7799880330156577
3.0443393453105627
6.501996475787246
4.108984652027891
5.806158558874771
5.38124324790108
5.014470737641576
5.272697603041391
5.210474490964534
4.590883366693042
5.67465566383509
4.747214525590993
5.928162469110967
6.9309540398298095
8.109374943946246
5.5793529046268855
6.886900621757145
5.387171258793353
5.717281224380022
2.467668211499771
4.086608105834433
4.18197878967198
5.568084960895601
4.72854527279579
5.417576314388889
4.6414383807377275
3.6866222267609268
4.246723071469573
4.602392041227292
3.856263273268881
3.956743499719297
5.918154183255035
6.535742512953351
3.501984387887324
4.172639318093765
5.269747063953163
3.6629932819808575
5.646694309084668
3.9902584447218947
4.015487881315743
4.400632893378788
4.457370993211993
4.434560760065845
4.587783669754674
5.293385170110026
5.77608090657795
5.433501599657027
3.717778953693265
5.7189260532789685
6.465665566983311
5.206499348278564
5.879289919783945
4.516050597566152
4.290990509147116
6.457294438839701
4.657504909411078
3.2789037725815375
3.9428488898496754
4.563398684670998
2.4375516831129724
4.34271828721361
4.016680977802037
6.647151465479456
5.069350456695773
4.494626592572026
5.039126060128215
4.493323347379219
6.63589053037586
4.1023698462516744
5.188605006288092
5.742375957477352
6.270620525182471
5.861285169406466
7.030941365319467
4.191507547530135
5.3773933481784315
4.084885992427457
3.707386097995731
3.445318087971259
5.615833349369792
3.1025898782515693
5.4999587584040315
6.322172364702747
5.475500831212146
4.0702975236618375
4.633608969560467
4.339534509690813
5.403115434802051
3.2433984084331238
3.4777228550929906
5.0414386962278925
4.633832229664398
4.525416535794649
4.747917511438706
5.976286044348649
3.606541617933874
5.945698942727658
6.151888011951369
5.565133423521674
4.744822065981779
4.524960128850478
5.360522026121801
5.779735527249417
3.469702450713334
5.128412351636535
4.9950010651359165
4.105725944561841
3.7761331627016346
5.295829226337312
4.6340835296632035
4.859178550622327
3.5504501747270716
4.79622817752753
6.677087146954852
5.315147911212466
5.43657152577841
4.787346719308027
4.686727290112984
4.6698135560175675
5.690796715674297
4.485728066765711
6.769352749477486
6.0901747823811965
6.513287575969739
3.9426088533754386
4.95928190540302
6.124062537154538
5.298322701175259
3.804762273906647
5.386393071681507
7.37263749533034
5.098373426857036
4.048779725131205
4.869327166853618
4.315984019566633
5.614501640365042
4.862660001124393
5.283505764975522
4.521539492551122
4.742043148078672
6.409144434788648
5.904374400178321
5.428390950847465
5.076819064962586
5.835674662550031
4.2948393523035335
5.186694793139834
3.2117954261990094
5.014971555550003
4.585526859863906
6.236408626454982
6.8743231781298535
6.7718923563920255
4.724961597815798
3.134276927954356
6.452988051400867
4.586521651402217
5.1358190774218615
6.351426201854958
5.709181586812952
5.6004884639607955
5.181553640023776
5.649028535290132
3.5614482317743237
4.70316493195679
4.3708240435617665
4.917552561540739
4.027064351216639
5.437306339286686
5.297678112619332
7.879170371085683
5.1438477628844455
5.625049321098149
5.369405528955714
5.306358831910063
5.522976342960622
6.220104730015
3.796280407526767
4.78998226043825
4.633085096293177
3.8644005690789016
6.080618069446559
5.700389472149341
5.226384065657473
5.436906396171753
4.4072042771838325
4.317733489904011
5.310928560270949
4.168947082584571
5.210354609371597
4.895470053107406
6.011035218788597
5.593929150831788
3.179906442853419
5.011398080017844
3.866053213284939
4.630100617833089
4.466000347167723
3.8780267347008803
5.307832618733983
4.835259506845013
5.8698260079863775
4.859819844022387
5.0600778802513435
4.326909397641748
5.21488305302857
4.232167988752867
4.225140660540262
4.641577537618939
2.9812688499367868
4.397579813367949
4.420782460329405
5.217185925587994
6.010637388083848
4.599496356732463
5.19859067599104
4.750470403829405
5.179965088346513
3.6125360595616742
4.112221363184451
3.5626923951448233
4.975312800749799
4.395704308821977
5.976309588369454
5.5367225719850275
6.127471535129937
5.772818431326582
4.333811205168383
3.8838831697925174
2.015968204346021
4.445183296601803
2.4565464200719997
6.131106366909631
7.169332185148798
5.624806110740429
5.507028458669344
4.91284888548566
6.016920283216818
4.6758419576746135
6.2730615207405505
5.843971253664585
4.1486791131744205
7.444436853880705
3.9274670495221726
4.905274635891655
3.039893955102293
4.609358957763894
3.8423167103161555
5.553492654140008
4.466108251631882
4.740799448627913
4.1837589734729885
4.411910896146352
4.450337103882422
6.560386071447203
5.646826700031888
4.144812818758195
5.685439103055982
4.621485829494519
3.9696626561451227
5.026208908237708
4.582018219568093
4.518303221815648
3.837043742430615
3.4579295253142894
5.626997033370777
5.508692122912416
3.4680784400930684
5.619902396063102
5.948865132212442
5.000244130596146
6.032083169939106
5.416276287206894
5.6112903037117725
6.949000604377072
3.837099317933655
3.558601387205107
4.818903865860734
3.6866414645040413
4.285502901673082
3.7826503130346354
6.6039207820165355
4.46202501862802
5.538766435150719
3.744309573834582
5.058871550899428
6.23439336915176
5.805569095997876
5.058247775642426
3.5320166454371256
7.4102144623947
5.26494161968039
4.400207519641055
5.076031063628948
4.903159699369808
3.984773083505336
4.894615505376313
5.66607475156955
4.982810476459666
4.538786641667028
3.4735838111301534
3.171513246929108
5.657720842507972
4.914556208569076
4.82197877999048
4.965201886476676
4.521708628572657
4.926587844865018
6.60620078053028
5.732274752584052
5.125932387200129
4.790413551395966
5.910927113590018
5.07090254557665
3.294011777192594
5.330832520500808
6.079977023894543
4.622073445242305
6.373768367301337
4.263987162066528
4.34549234109255
5.7046839625743955
4.744111676700396
6.187557160316086
5.512264883369578
5.933674457969161
4.7955147847072945
4.238700700512105
5.121933525148717
3.6857885638129906
5.601711204572142
5.276102267029851
5.659651014421761
5.077473731635156
4.732488476073302
6.009171229291853
6.049485355993668
5.041549580908498
4.887217676308094
5.493505011368189
4.1724489263263695
6.306198239767915
4.649016987676792
4.174142176501392
6.2051843018782336
5.498707664496491
4.280124111823568
3.696768925826806
5.180886843827967
2.118762850963958
4.51948311849195
5.864179654661186
3.5573349117821436
4.0525498194566705
3.6619264358431636
4.677228238265746
5.0340985978888355
4.189922637173123
5.955691575119461
5.0005629741977735
5.524009348237226
5.681976981339398
2.730426652510437
2.7939959019552125
5.120284566351577
4.26051272416826
6.079018602224119
6.356632963815254
3.695561890661139
5.446586080427806
6.692424050510209
4.835610160546369
5.207113612025365
3.704110322891141
4.725159908488674
5.628961108870995
6.119144197553998
3.4245863190863055
5.2966357588075565
6.883161735434669
3.9911905831888985
4.358721018418017
5.231157958883263
5.3345528829895645
4.358445260854132
4.37136425399991
6.2693842541127776
3.8256045637497302
6.519508769426622
4.233450796271595
4.929714450296786
4.9437932676116585
4.094897952195884
6.367681251728678
4.641321458051856
7.160814513867779
5.603187689474357
4.041072627680627
5.110415541049724
4.929145389525116
5.601554589949666
5.313527774072826
5.381133570739324
3.4692616928435407
4.341358004277434
4.0598661338002175
4.921643586861805
5.528924269751988
3.0797498181724676
5.3087219707582385
5.119313655003767
4.5117209666754166
6.244750045936721
4.38401527557078
2.932216252103608
4.119419155526084
4.9091881621917075
5.267885956323413
6.1662163142360304
6.343087953407315
3.741946185354699
2.877167289467375
2.913909752135356
5.3933232238121125
2.8575328945680623
4.158736920445968
4.567819791918048
4.530162356746342
4.571243712473841
4.93645924006364
4.998018138916379
6.405161452176097
5.607439380527103
3.51752925372249
5.4130056378733835
6.029999463064133
5.309935999700724
5.606890541540376
5.520660218378758
4.905893595532797
3.4812407785395316
5.746341365687551
3.6717742463058345
5.501708466000702
6.06840295144189
4.682154725813866
2.823080376457754
4.44985349462893
4.134089522221603
2.9465577532068714
4.353882678033667
5.271120701272181
3.711681786130355
4.592268634239616
6.624706531025275
5.7553487559120535
5.74455036673848
3.869451204424066
5.355243815951721
5.957874193693708
5.130892821122358
4.537301329511332
4.628129392975031
5.478717367055358
4.456986030515398
5.727804658283676
3.7941203289011183
5.85945931259655
5.20209414076521
4.183468094397965
5.677681507587936
4.483646089081288
4.349978558030696
5.200437915660584
3.5770124515070165
6.063187887324956
2.892965380547195
6.782702915292942
4.093404163053975
6.19043554716821
3.003392394461253
5.814886928503453
5.736580637644201
5.921219240817511
5.983866808789061
4.9250443237724255
4.70790858198367
5.476249591264036
4.4775589574719294
3.363021045681163
3.8456598224717156
4.6852688916463325
2.945466480482954
4.728994573960329
4.8495148420556
4.1303902839625
4.567335018224417
4.829253054641895
3.933495205855219
5.5164487509092
4.903032379845385
5.310074176344083
5.129341239295414
4.6565227875344855
4.899305392741188
5.721579260092843
4.175359657996351
5.517193944592665
3.553337830930457
6.473927651511576
3.220413126140464
4.470894863566063
5.526118676793288
5.763559282143835
4.198270552679432
5.377289128068023
6.426665477961445
4.450327000153035
5.290829627185984
5.365687791869344
4.582263082488156
4.142978804186749
4.80106117461262
6.483897021210818
4.205441387996126
3.8249836702031588
6.29927872033026
4.672701289974034
6.561569749601036
4.406753344195122
4.479060675649419
5.919909204070583
3.8175634777042644
5.600963904386594
4.844810539338409
5.982348351948116
5.988491626545292
4.786346381729851
4.29463198405711
5.460922174548146
4.6694227044021
5.012009780539912
4.027611339184046
4.2125011792392595
5.541957564393582
2.899270678070012
3.634836683315013
3.3013336496156507
4.298872514331528
4.6532985372471956
5.321753261365505
4.627910491014592
6.441920658870984
5.993686102128878
5.415932895461746
6.401359886870424
5.009719979647288
5.3121643695951555
4.62776190619134
4.576251791704794
6.986657414513587
5.888188841244775
6.355555214784244
5.09826690828826
4.788383707954053
4.791121852554136
6.352176398481742
3.79267997917351
3.724260240029526
4.7052277469228105
5.249275210293037
4.283370623501081
3.914506146039483
5.71544910901581
4.312487642745227
4.843509193220127
5.754984191280739
7.152320209236256
6.8962347766758585
4.0936402242873635
6.018403250207395
8.097322432486418
4.5604781005537145
4.445832484421215
6.022450011320474
6.342174643654282
5.800518130999366
5.855323549181101
5.865388825597716
5.174184983145709
6.80859163639541
3.9201056187763648
4.3212519423506786
4.299902099453178
4.539841014218176
4.916851520158759
3.5123168403192695
4.542689902246363
4.125428594514655
5.752190830498647
4.2572566929990305
6.259150446254505
3.3672836084260838
4.655008076480312
4.143767197508712
5.134977825701489
4.701889017322611
6.308722137220756
6.839587894887305
5.992744781941552
4.854874490067511
4.688626687504487
5.434989452655488
5.525198982205511
4.998285214300408
4.5168944365879
6.896271648491553
5.274331398127959
4.646180058663097
4.156947425440532
7.465671126138359
5.650558150418334
7.026556587388013
4.313292289432445
5.028294301025354
3.6022815612161083
4.282015117995149
3.7554595271984654
5.723977405138623
4.791125004851755
3.7962060928948618
6.464335319118739
2.580745145411618
4.138473648045377
3.620687458961206
4.687332697753172
6.812364564691279
4.6044124463580065
5.102727787837729
3.8836645653320354
4.6043069394150455
5.614603605069219
3.720204230743677
7.594640922387903
5.900951048720154
6.461830552936695
4.337929466804977
4.774515897354226
4.947225492644929
4.356112008920478
5.866525920867369
5.048895247342832
7.389554694388965
4.415987789945917
4.302331814743531
4.543158791238784
5.3313832563597785
5.090281213185295
5.048268304315865
4.463453569296748
6.1856522424832265
5.471639115516361
2.7303997907122146
3.0900107164181363
4.6999600626378015
4.843260983699412
6.4001722318070975
4.290852464200141
5.371855881321699
5.747160150260178
6.435664136655703
2.878847348472712
6.679628925162314
6.80056685938178
4.043709196235601
3.868930818566001
6.984277321686446
4.277008566255303
3.7272726217283627
2.6678877896044524
4.024818823861622
5.920159236539147
3.512838930142878
4.34327765820475
4.823818622589078
7.325557754222754
4.516849326592662
5.236832070052858
3.9968281096094644
5.8525643107626735
6.5189888790950645
5.58583937309024
6.133595700562742
4.354107511855535
6.265452769993188
5.61671505094936
5.43537229739891
5.21579178013995
6.252888533790735
3.4477971303456356
5.556592742003393
4.527066680376058
4.230491271091741
4.7736632183815955
4.296820520114965
5.715914949500082
4.26314120105051
3.521258634938671
3.1596696501372667
4.5848325069235045
5.5795901771473355
7.368383557226435
3.2930626368890366
4.287481598776039
3.887081949802117
3.9077294979875687
3.861068627117202
6.2007965850968505
4.321752566520715
3.434380613030734
5.058927201792398
3.2459095935469664
5.863621364710376
2.8831760059909586
4.677419806767849
5.866923886792684
5.910635644495075
5.376809891655413
5.625592348221264
4.601112387677839
6.455942665411459
5.219830558003946
5.390838196722898
4.737567915945552
5.586745043164351
4.479514347377706
5.594841742701995
6.351993641450985
6.185046049680002
4.6321855084588925
5.993487453365486
5.326723004143945
4.663528019822921
5.022321666419158
5.940480508209463
5.7559921118235655
4.218597040205847
5.89956648688042
5.1166042052643785
4.180062607851349
5.044832493760273
5.25088868213795
5.924739829020469
5.324483341245763
4.380098849647704
6.109153199091694
4.694103206362145
4.921358988146173
5.973996860084966
5.477296178232152
4.59758681049466
6.503141801117266
5.827905312124765
5.8084447400306845
5.2273735840067035
3.8541301653539457
3.801084763788773
5.059786101600965
6.153822059839084
3.4773572759196645
5.228941738079571
4.489917093969053
4.488877904432501
5.7387626795471345
5.301490045156936
5.140955672911084
5.860076883363645
3.4696865552930434
6.224570750802838
3.5484892841936095
4.629025570348099
6.746405002378609
3.7640250703283096
7.176091467496344
5.33379260754884
5.108369524536266
4.482435242910121
4.7548428600062795
4.559480588558651
5.042588428264513
3.792260512494238
4.079832833702553
6.746097501117909
5.706528596995086
4.606706048676228
5.291846552178262
4.5101147682985765
5.795935036326878
4.9036865679095625
5.002232626201166
4.8959159626221505
5.362865127417606
3.463663348668465
4.615723343160349
5.246098300951845
4.397583031834141
7.343197598567748
5.927279526277848
6.505406044356403
5.338442186695503
5.330586702743044
5.521372500841715
5.936757790668016
5.082196361021783
5.528344888379386
5.441622266886925
4.7991090451888345
5.8720579134203374
3.139514035108832
4.225616213256496
4.244226264846714
5.075131553076025
4.267911340322849
6.25264248175375
4.078007641711454
3.891995056334854
5.297700189952206
4.374931058940422
3.7384200469823186
4.277506101330993
4.2214989036691435
4.581446771715298
4.3234845928647925
6.038398688528937
4.906149584280358
5.095340642923367
4.780573756083577
4.73437110997107
5.304947960319007
4.1744693326162645
4.231124933516005
6.717799043205207
4.995761331041378
4.74414349430262
4.222856007397498
2.707308736197036
4.378994950793816
4.652100407129325
5.447956252408388
4.283623220144799
3.952124771134244
5.0165818905788075
4.143735585371659
5.905134541768531
5.584037672225949
4.475033169463738
3.7422720489115497
5.933384059189698
4.495745973901866
4.307103882136202
5.256851053572565
5.665085121201927
4.195012292796643
6.744040977863152
4.755476918060733
4.830834328714227
4.793000068693219
4.536083301037589
5.08231304528344
5.19789315725005
4.915019015369371
6.64390142728808
3.1090616230747963
4.816625916281196
4.881586097725878
5.4876170460186575
5.319780619400136
5.811571132766029
4.550224796056527
5.37454872744455
4.167213580223255
5.50237939239001
6.23400541762387
4.499870139099635
7.2018298690155715
4.031003259948626
5.948601855771876
4.999495471629713
7.3945846783470355
4.285138639420683
7.649786390768396
5.242308175550711
4.884649639516748
3.228231051624649
6.8040337815055905
6.227454631935496
4.699837364076218
5.097200879697484
4.575971215617394
6.914996545265746
6.843038755981769
5.255880361246321
3.4070758856621715
4.537275436793301
6.29350210743018
6.520523895410409
5.145101176322475
4.02206517698556
4.312601107946687
5.9391195202891565
6.824805225089504
5.777575280364962
5.46090875761298
4.332443919832878
4.08831268445285
3.9368526080093362
4.007693805620274
3.307769162450427
5.774673492523876
4.340932761054413
4.636722450105613
4.152911680452169
4.734776400492397
5.444815158212305
5.091899830101661
4.751429849834888
5.461090513587428
4.593709269142126
3.386581706535497
5.159199391540776
4.8134389502160175
5.872278191763626
3.428305602536601
5.1602240519444065
4.378321459098832
4.01912036303747
3.8286807833561083
4.432918116150885
4.956796734352627
6.024488724124467
5.933204929656853
4.485226520059897
5.273761381978406
4.359413516339825
2.4551917219576223
3.9574872585686074
5.678637246906837
5.509737908850556
5.048497070272551
4.188221324617584
2.6734225638783853
5.591916934235353
6.012015328967457
3.2728574025132837
5.038789237045422
6.957861092407564
4.826908237410899
5.509414344938923
5.894691568184455
6.146708884111801
5.036607393514619
3.9849190560246996
4.830430176028505
5.909156747670206
4.843133730648071
5.195612312340415
5.524825941642879
4.397859127841133
5.227932770987974
4.836400630794416
4.978532955924153
3.911564532265106
6.0691277808921225
5.015206446209328
5.91700696328411
5.7208773435474285
4.867312417231096
5.798922960063239
4.406216176857493
4.408304634087232
6.549657345451014
6.079572117167585
5.0305440265903885
4.58385236919152
5.395887562235611
4.0952136627757
5.463489438968455
3.6280371884660787
4.737350623995115
6.371674523968432
3.884165866873017
5.155749183332165
4.382929003328815
3.920371801621146
4.733682479048859
4.242608056237295
5.173549332430083
3.8750752739685117
5.262980680307566
4.743401755007389
6.410208011814042
3.686440316147589
4.824749483307825
4.032948268019199
2.51835058211833
4.291308961035066
3.945317723370784
5.379854627459674
4.917959734371458
5.544068529969482
6.2353406923021915
5.735979127457446
4.938553530380554
4.462031968252946
4.730611773526876
5.691936179942068
4.739539532752266
2.542646496233674
5.277763018348246
3.2962415762761106
5.57559854485803
6.722995498620674
5.68177473065691
5.758920501688538
4.330060117314933
3.639019979500359
5.676045969537683
3.5619968125880055
5.61532502641787
5.496753863144436
5.78764027560049
4.026719783734409
4.646995617303928
4.7849626202429345
5.410658728699845
3.8861337791465425
5.54207679150768
6.453831808321662
6.059979942040242
6.972438360748072
3.0019281243123483
5.227867553093566
5.289891525000739
6.111059722941145
4.173487238444313
6.459701650670939
4.631922317047975
5.176104181820604
4.551180377029398
6.509006884618562
3.132837697785413
4.669514616285106
5.46317523587818
5.793558709117498
4.938684804948958
7.141528974410697
6.886712570591678
6.6626981173264
6.564262213305476
4.712681558346307
5.294460322345798
2.9391202370827108
5.356884224748255
4.068489390569645
4.6796377411618595
5.781296679786564
5.539074130944343
4.788350515552743
5.641482891089813
4.523322235095856
4.751028924225672
3.5752981507504678
5.0001306256865785
4.708234083510648
3.0686221732198993
5.296627277248489
4.659519265901697
3.7416195033127577
6.158530256235336
5.57795864500965
5.395207630667242
4.3125825689638475
7.282237097929055
3.627560092851796
7.219976362235437
3.656445520647071
5.866426144299025
5.53454763904809
5.766859996427129
2.3609190193628637
4.602393713775351
3.399222270553848
3.8678883330986062
3.9248232270463177
3.18734365872533
6.1424173191610505
4.923025008201255
4.5752218011291435
5.951435876344775
4.214555171522255
4.84149723657644
3.150969398815831
3.8795545849633286
4.835695089694182
5.648769547399107
3.727169438907427
7.863585624939285
4.401466104829904
3.4589760640497005
4.883300763465252
6.8561779118263475
5.534523161257834
6.354649885025213
5.456074503284841
4.893524352766152
3.4805863762886604
4.275929600325573
5.0363359902400475
4.77448413165133
3.634419124467274
4.152236197188565
4.282567759948721
3.830776733799069
4.85951843733256
4.410523376140141
4.395979883273698
5.325292780719323
6.488884448249758
5.31984816985882
5.555065424731078
4.06035266933039
5.363179819052373
3.1792704027112313
5.779097170398596
5.326748159253039
2.92759908162007
5.3519262067095825
5.289011767383442
5.122919124003489
3.972764900904072
5.549456542515748
4.482348847914231
4.230891979689461
5.584154584609716
3.3394440872896283
5.143206773702519
7.399827818308731
5.607144366011475
5.441172329284177
5.6973554567290225
5.483853280094326
3.153037854592927
3.691548300857702
4.732058622253066
4.034103688467658
6.462001251461007
5.784881374822232
6.267476220552227
3.8708049624396104
3.5276292251472214
4.831172369759935
5.597939666337226
4.531199678283342
6.796080856625852
4.096273912682031
4.007758555720839
6.419563156713383
4.012664358180503
5.63650219707393
5.822079949819271
4.687577286885236
5.3782062440833345
4.203036870250297
3.648904642104811
6.182680553219651
5.186911844048503
3.2223373515231257
3.022207826703499
5.352048924516858
4.693251762819542
3.7348352732565724
5.205525662647661
5.394639628493511
5.82011973197388
5.044896975752138
5.318213166042466
6.5897075152764675
4.976728482512086
5.737954120739802
5.000315354895012
5.6688310782670985
6.549057390765617
4.02473838367954
5.55628612495976
5.0184350629271375
7.57913605214654
4.611306956406688
5.243570923691795
3.5074640378172233
6.137988958737062
4.681501967260006
4.705020256654864
6.265514967031266
3.869280274152095
5.232112533937672
5.001909058894651
4.852422183309723
3.1104015349025516
2.6805294867159053
2.6857200726982806
7.1748726124708835
5.024104033513168
3.7280522341494233
6.2874476310421725
6.181470457355495
2.964079203777438
5.661499450801507
3.8153549607639023
3.0479001720462113
6.223772515400759
5.10593267824311
4.339992312335129
3.126815146842243
4.761567018908113
3.201792002882563
3.749275144799691
5.90014506697223
5.5797215398803965
4.376045423658362
4.863814068482285
6.157061218809912
5.435445057262182
6.40583056926449
4.307101947913432
6.511689162532372
5.955531769730934
4.8066741550898575
5.582932261556868
4.122078933834013
4.971645922880518
4.7476097935697945
4.805770750361377
5.274671997696255
5.676853398515133
4.598761617771659
6.069434895837773
4.716172606371478
4.626296267913713
5.410533990716085
7.553763987032687
3.986690046183169
5.264437111727291
6.111450552963104
4.583709413503739
4.95200858893521
4.749840280556572
5.571079449666351
4.238730287293886
4.353074330591324
5.3308153518798616
5.306839460911371
7.160137448679739
7.343575312587172
6.1156681525657834
4.673183843778248
3.3143131042274896
6.466555401127872
5.382931930746978
4.553588974308765
4.954779338295784
5.361066658249337
5.351039558861239
4.746856504505524
4.5757294110544855
5.544923039779773
6.0910012722783815
3.9013910780576913
4.59939772652794
5.551461660810575
4.624931902202746
6.464942155728721
4.494847344522137
3.611571772261533
5.085227813186831
4.998999039106559
5.216445754232423
4.715652994266785
5.5039553314308005
4.830617111547228
3.7404730135179074
5.022735177332735
6.474424207729962
5.058210223847446
5.337294107420478
6.166315370896402
4.316336560393525
5.380628627822184
4.942813519546204
6.061981833688915
4.60497159461317
3.53838201983715
4.478974254478618
6.00175621212225
3.5169167148627536
5.455786752829028
4.11762363965394
3.680614350927095
4.41297973074165
5.748540615914761
5.677267179244735
4.08706388982114
6.272734700827966
6.052548654261113
5.100767858572029
3.595252687739658
5.675322780612769
4.1834439198425235
5.390094598861497
5.265628932076082
4.672767622935433
6.582610682744554
4.901457485646906
4.3675153850844115
5.6867632048244
5.568124054876618
4.319081091266641
5.11581224019824
6.449774311515155
3.8736026581663596
5.417254958502184
5.085709116375886
5.032301329854421
3.7018428998266386
6.1727447471790144
5.617181654066899
4.9619645329044975
3.837574613527397
4.464358705037425
5.850155832295385
4.623912781113537
4.226008683618969
4.289540787136561
3.675283326120911
6.039597833522772
5.40879873762106
4.155744359031847
4.7625995322102375
5.618631402420737
5.728481994089867
5.198386367790255
3.9385057616424333
5.095194502849244
3.5170756197282045
6.866230883518659
4.9148615416284915
5.0324834001846295
5.226109938768088
3.4672297382470587
5.275670273864011
4.61133898964996
3.405764262498207
4.842307930771534
5.603647414324536
2.948109860742153
3.472138287482737
5.418892529748755
4.225282794392415
5.4453773845423425
6.185968729443405
4.874387090355503
4.523807069615708
5.318341537417356
5.360239114677827
4.882976330807269
5.350413743471739
1.9989587369664696
6.841740578278421
5.8150414518656515
6.107080768299243
3.9337509626855365
5.993631021291695
3.5793541473589388
4.11544691332462
4.955156746641708
6.407727480943183
5.581065720953381
4.42296772456631
5.353609205498222
5.685613495842791
3.0576451539068854
4.83869353542868
4.884975959001176
5.769112188611699
7.038934898206695
5.367066341486949
4.753422118419524
3.181307174183073
4.311529391710268
5.034378551197034
4.971174520424493
4.742687351683839
4.412247791658461
5.12434668425223
5.790025947744826
5.183592003032328
5.0328692401853035
5.433429740990686
6.963193772139557
5.072747232650858
4.063231073610739
6.78061605844884
5.520787832924539
5.6687039817164555
6.54688043802234
5.1421557640831494
3.497375763999235
5.926016939747597
5.369181530548338
4.636528713233018
3.893157688256964
4.684719960397203
4.4084209409760025
6.8848873138314755
5.645347811857158
4.045927997133063
5.362757834496645
5.188620302378979
2.345874950240718
5.056929518834333
4.860436783005311
5.046789445144044
4.2810204551999735
5.524409379378071
4.893970221934714
5.269959160655121
5.245315688777614
5.157667423314071
4.773295917754779
5.239889987051391
5.191831481907611
5.261426670235035
4.973395995973684
4.716232721194672
5.146485589970881
4.083753401220236
6.337500270176458
4.5030499785425055
3.6479004188957496
5.719890137576232
5.083731410183907
5.22842079085892
3.620587260398377
4.861573106124942
6.851111492228947
7.002662822325112
3.087094098831141
5.869951882414253
4.027176660852416
2.4834402646883067
5.342265382421796
3.1051495367351505
4.176881912509471
4.15602119719737
4.815247426499877
5.619512050052822
3.636809906088584
4.308471399892604
5.995013649449836
4.960682457843172
5.466793186986598
4.735962887484304
3.75785672437609
6.024352006896233
4.146152575495222
5.114507268670197
5.665534173799292
5.671589567292616
5.6702490564456705
5.514681844403155
4.051631304796983
4.1535595643366126
2.5759432145492274
4.37402177360658
5.9574677241622
3.8646023774547578
5.4932628391554665
5.1986028929294745
3.9774337729669944
3.7296325723992383
4.669710288411144
3.011583506111065
4.41352098743216
5.928512662674641
6.466047468308076
6.264436299608663
2.947523458126209
5.980080033072279
4.435461828159411
4.693245857782648
6.127163871002543
5.574625171244846
4.606183298659896
3.224795314064772
3.6398469465761054
7.234889726591189
6.328464309187259
5.320429636381219
4.325651806220059
5.976639349700667
5.574869044154291
6.6117883467271525
5.954165541623299
5.213799499998719
4.797180126220737
2.6381638434856183
4.665603709865088
5.6878423520517645
7.842670410100041
5.42934469529483
4.9810649971435375
5.553266161352369
4.29304145087539
5.602736085785144
6.325564500876607
4.308490851218883
6.029461040333982
5.63952310048151
4.667864124454331
4.29274750469662
4.422313967594637
5.0540585227082335
4.112586413774314
5.92779033034128
2.9390747050108104
4.77830019757028
4.006619673123086
3.9243162128768057
5.236159032488815
5.051683907850224
4.43911102090651
5.890757350348664
4.40269242920135
5.8829579030477275
3.5724365218000265
5.407039963244165
4.3553855141828155
6.091991635719427
5.668220675587231
4.422898596975176
6.065035734667319
4.859209577596965
5.212928480202697
3.2725275813361145
5.261035487361974
3.945941296217954
4.438865501005995
4.43855062756474
4.64778570609006
4.526121183878046
4.4737656360344165
4.817751694126208
5.0825962689293736
5.848737132481932
4.836548657542872
4.600265439643612
5.984872704594975
4.336703311353672
3.428819894295459
4.782399091867442
5.31140208535938
4.39060559382187
6.479670819228876
6.168273309997532
4.42162033798105
5.299444127180899
4.884215790074649
3.584177885700503
4.582578979120751
4.567469662861767
5.6810162733723475
6.574269835950362
5.399840058793884
4.85412476893648
4.588325543499355
4.745285036935476
3.609108944577886
7.222959404233444
4.626018405730692
3.943339190007282
5.678828149460827
4.666808140926931
3.7011219889733353
4.921456609913227
3.2978080426402743
4.5144060171429805
6.059800748972207
5.758810100846472
5.551859085236399
6.9677405399600785
5.418537259700504
6.2900642761079
4.820931964296189
3.9573160289947564
4.913140370861209
3.889338007805109
5.626123105440788
5.029845091690907
7.50168260589632
6.422959328258886
6.083330836200927
6.39928571987776
5.563613622192804
6.72429095473761
4.300010991224102
5.102397616714796
4.603697739598894
5.600559420360774
4.437559385170736
2.8304771713542025
5.598953110270727
4.485057417251572
5.435291398152876
5.51680185747423
4.4087725906942365
5.624233980549009
4.435814333437415
5.834840525564907
4.484396235807117
4.463239853311592
5.6035006971697445
6.351226850588804
1.4801984481097505
4.176637182216746
5.559113736266381
5.475983336006806
4.697440963831974
5.114762848935297
6.033437140215005
4.9914833740252185
4.036846478735221
6.017464009789231
6.267491160389637
4.9601849560110285
5.221333906914142
3.8152798697090424
2.988008416241137
4.064149216642191
4.73255079808157
5.469954840218371
5.199518441327842
5.707266970418238
2.5419316222843698
5.575591453847569
5.231308371183607
4.676454476086688
5.024599818248877
6.3398236837505975
5.255941574120279
5.927980285817091
4.013231986232574
6.425383787972747
3.218904933969637
5.342744816004256
4.183108957531024
5.30285642523288
5.430178819536151
4.6456355215255485
4.430946091477149
4.135671441632697
6.1233845776385705
6.4785261255371065
4.917239919815438
6.270244249265614
5.726153673846045
3.547272202247013
3.670789972869572
5.259245656042995
6.264304067762503
4.701100009562829
3.739122950145382
6.937932420193031
4.6499596905889975
4.523271182732859
3.5624928025173412
6.3615579010479335
5.203167920402664
2.974998771283718
5.061915502320138
6.2654816446257104
5.650425155405993
4.496509639710845
6.296191124426939
5.4027850659774925
3.2614708570645936
5.4811363229547805
4.527542528682641
5.0266268184721685
6.602359206593586
5.316082313922282
3.876726586352477
4.208971462805314
5.982067737184488
4.355785598554097
6.208986987499064
4.101343843898664
7.229058910129012
3.742174795648661
6.31100595029706
3.4410325768055436
4.2077112686796045
4.413518710354111
4.175632876925236
5.295318922908434
5.029602457471624
5.815779963451313
4.258530007695911
5.7866292188794155
4.255413699868934
6.1472062246114945
4.957542207143164
4.396607960046263
4.708661420786931
5.1168244495255175
7.167703661859233
